label_A,label_B,count_lsa,avg_sim_lsa,n_A_lsa,n_B_lsa,ratio_A_lsa,ratio_B_lsa,count_sbert,avg_sim_sbert,n_A_sbert,n_B_sbert,ratio_A_sbert,ratio_B_sbert,count_tdidf,avg_sim_tdidf,n_A_tdidf,n_B_tdidf,ratio_A_tdidf,ratio_B_tdidf,count_sum_all_methods
Acknowledge_Error,Alignment,,,,,,,1.0,0.5878,16.0,88.0,0.0625,0.0114,,,,,,,1.0
Acknowledge_Error,Approval/Reinforcement,2.0,0.688,16.0,25.0,0.125,0.08,1.0,0.5801,16.0,25.0,0.0625,0.04,,,,,,,3.0
Acknowledge_Error,Care_Coordination,,,,,,,2.0,0.5648,16.0,176.0,0.125,0.0114,,,,,,,2.0
Acknowledge_Error,Connection,19.0,0.7597,16.0,105.0,1.1875,0.181,5.0,0.5958,16.0,105.0,0.3125,0.0476,6.0,0.7611,16.0,105.0,0.375,0.0571,30.0
Acknowledge_Error,Diagnostics,5.0,0.6156,16.0,205.0,0.3125,0.0244,,,,,,,2.0,0.5926,16.0,205.0,0.125,0.0098,7.0
Acknowledge_Error,Drugs,2.0,0.6407,16.0,174.0,0.125,0.0115,,,,,,,,,,,,,2.0
Acknowledge_Error,Economic_stability,,,,,,,1.0,0.6545,16.0,25.0,0.0625,0.04,,,,,,,1.0
Acknowledge_Error,Express_concern/unease,4.0,0.6312,16.0,25.0,0.25,0.16,10.0,0.6801,16.0,25.0,0.625,0.4,,,,,,,14.0
Acknowledge_Error,General_information,4.0,0.603,16.0,162.0,0.25,0.0247,2.0,0.6067,16.0,162.0,0.125,0.0123,,,,,,,6.0
Acknowledge_Error,Maintain_communication,4.0,0.6111,16.0,74.0,0.25,0.0541,,,,,,,,,,,,,4.0
Acknowledge_Error,Reassurance,,,,,,,2.0,0.5764,16.0,14.0,0.125,0.1429,,,,,,,2.0
Acknowledge_Error,Sadness/fear,11.0,0.7256,16.0,10.0,0.6875,1.1,8.0,0.6846,16.0,10.0,0.5,0.8,6.0,0.787,16.0,10.0,0.375,0.6,25.0
Acknowledge_Error,Scheduling_appt,,,,,,,1.0,0.5815,16.0,153.0,0.0625,0.0065,,,,,,,1.0
Acknowledge_Error,active_participation_/involvement,,,,,,,3.0,0.5756,16.0,146.0,0.1875,0.0205,,,,,,,3.0
Acknowledge_Error,build_trust,2.0,0.558,16.0,9.0,0.125,0.2222,,,,,,,,,,,,,2.0
Acknowledge_Error,express_opinions,2.0,0.5834,16.0,52.0,0.125,0.0385,,,,,,,,,,,,,2.0
Acknowledge_Error,instruction,,,,,,,2.0,0.585,16.0,44.0,0.125,0.0455,,,,,,,2.0
Acknowledge_Error,state_preferences,1.0,0.61,16.0,45.0,0.0625,0.0222,,,,,,,,,,,,,1.0
Alignment,Appreciation/gratitude,,,,,,,1.0,0.5923,88.0,121.0,0.0114,0.0083,,,,,,,1.0
Alignment,Approval/Reinforcement,19.0,0.7305,88.0,25.0,0.2159,0.76,9.0,0.6868,88.0,25.0,0.1023,0.36,7.0,0.7412,88.0,25.0,0.0795,0.28,35.0
Alignment,Care_Coordination,7.0,0.6285,88.0,176.0,0.0795,0.0398,10.0,0.7439,88.0,176.0,0.1136,0.0568,,,,,,,17.0
Alignment,Connection,51.0,0.836,88.0,105.0,0.5795,0.4857,45.0,0.7583,88.0,105.0,0.5114,0.4286,32.0,0.9322,88.0,105.0,0.3636,0.3048,128.0
Alignment,Diagnostics,19.0,0.6519,88.0,205.0,0.2159,0.0927,4.0,0.6317,88.0,205.0,0.0455,0.0195,2.0,0.5825,88.0,205.0,0.0227,0.0098,25.0
Alignment,Drugs,11.0,0.7201,88.0,174.0,0.125,0.0632,2.0,0.6213,88.0,174.0,0.0227,0.0115,4.0,0.5842,88.0,174.0,0.0455,0.023,17.0
Alignment,Economic_stability,,,,,,,1.0,0.7085,88.0,25.0,0.0114,0.04,,,,,,,1.0
Alignment,Express_concern/unease,8.0,0.6583,88.0,25.0,0.0909,0.32,,,,,,,,,,,,,8.0
Alignment,General_information,12.0,0.7473,88.0,162.0,0.1364,0.0741,5.0,0.7421,88.0,162.0,0.0568,0.0309,6.0,0.5973,88.0,162.0,0.0682,0.037,23.0
Alignment,Health_care_access_and_quality,10.0,0.6314,88.0,100.0,0.1136,0.1,2.0,0.7662,88.0,100.0,0.0227,0.02,,,,,,,12.0
Alignment,Maintain_communication,2.0,0.6415,88.0,74.0,0.0227,0.027,,,,,,,,,,,,,2.0
Alignment,Positive_Remarks/Reward,8.0,0.628,88.0,6.0,0.0909,1.3333,,,,,,,,,,,,,8.0
Alignment,Reassurance,2.0,0.5849,88.0,14.0,0.0227,0.1429,3.0,0.6817,88.0,14.0,0.0341,0.2143,,,,,,,5.0
Alignment,Scheduling_appt,2.0,0.6014,88.0,153.0,0.0227,0.0131,13.0,0.6517,88.0,153.0,0.1477,0.085,,,,,,,15.0
Alignment,Seeking_Approval,6.0,0.708,88.0,29.0,0.0682,0.2069,,,,,,,4.0,0.6276,88.0,29.0,0.0455,0.1379,10.0
Alignment,Symptoms,7.0,0.8153,88.0,115.0,0.0795,0.0609,1.0,0.5547,88.0,115.0,0.0114,0.0087,5.0,0.8802,88.0,115.0,0.0568,0.0435,13.0
Alignment,active_participation_/involvement,9.0,0.7896,88.0,146.0,0.1023,0.0616,18.0,0.6734,88.0,146.0,0.2045,0.1233,6.0,0.8676,88.0,146.0,0.0682,0.0411,33.0
Alignment,build_trust,2.0,0.6324,88.0,9.0,0.0227,0.2222,,,,,,,,,,,,,2.0
Alignment,invite_collaboration,6.0,0.7558,88.0,11.0,0.0682,0.5455,3.0,0.8355,88.0,11.0,0.0341,0.2727,2.0,0.7199,88.0,11.0,0.0227,0.1818,11.0
Alignment,salutation,4.0,1.0,88.0,333.0,0.0455,0.012,9.0,0.8868,88.0,333.0,0.1023,0.027,4.0,1.0,88.0,333.0,0.0455,0.012,17.0
Alignment,state_preferences,1.0,0.677,88.0,45.0,0.0114,0.0222,2.0,0.7194,88.0,45.0,0.0227,0.0444,2.0,0.5938,88.0,45.0,0.0227,0.0444,5.0
Appreciation/gratitude,Care_Coordination,,,,,,,6.0,0.7394,121.0,176.0,0.0496,0.0341,,,,,,,6.0
Appreciation/gratitude,Connection,5.0,0.8535,121.0,105.0,0.0413,0.0476,13.0,0.6442,121.0,105.0,0.1074,0.1238,6.0,0.825,121.0,105.0,0.0496,0.0571,24.0
Appreciation/gratitude,Drugs,4.0,0.654,121.0,174.0,0.0331,0.023,,,,,,,,,,,,,4.0
Appreciation/gratitude,Maintain_communication,7.0,0.5616,121.0,74.0,0.0579,0.0946,1.0,0.5519,121.0,74.0,0.0083,0.0135,2.0,0.5545,121.0,74.0,0.0165,0.027,10.0
Appreciation/gratitude,Positive_Remarks/Reward,2.0,0.7831,121.0,6.0,0.0165,0.3333,2.0,0.6648,121.0,6.0,0.0165,0.3333,2.0,0.687,121.0,6.0,0.0165,0.3333,6.0
Appreciation/gratitude,Scheduling_appt,,,,,,,2.0,0.5735,121.0,153.0,0.0165,0.0131,,,,,,,2.0
Appreciation/gratitude,active_participation_/involvement,2.0,0.553,121.0,146.0,0.0165,0.0137,8.0,0.6021,121.0,146.0,0.0661,0.0548,,,,,,,10.0
Appreciation/gratitude,build_trust,2.0,0.5736,121.0,9.0,0.0165,0.2222,,,,,,,,,,,,,2.0
Appreciation/gratitude,salutation,7.0,0.6744,121.0,333.0,0.0579,0.021,2.0,0.8859,121.0,333.0,0.0165,0.006,,,,,,,9.0
Appreciation/gratitude,signoff,552.0,0.9851,121.0,249.0,4.562,2.2169,499.0,0.9801,121.0,249.0,4.124,2.004,573.0,0.9876,121.0,249.0,4.7355,2.3012,1624.0
Approval/Reinforcement,Care_Coordination,1.0,0.5818,25.0,176.0,0.04,0.0057,7.0,0.6159,25.0,176.0,0.28,0.0398,,,,,,,8.0
Approval/Reinforcement,Connection,4.0,0.6656,25.0,105.0,0.16,0.0381,9.0,0.6982,25.0,105.0,0.36,0.0857,,,,,,,13.0
Approval/Reinforcement,Diagnostics,10.0,0.6645,25.0,205.0,0.4,0.0488,12.0,0.7092,25.0,205.0,0.48,0.0585,2.0,1.0,25.0,205.0,0.08,0.0098,24.0
Approval/Reinforcement,Drugs,18.0,0.6867,25.0,174.0,0.72,0.1034,29.0,0.7342,25.0,174.0,1.16,0.1667,2.0,0.7847,25.0,174.0,0.08,0.0115,49.0
Approval/Reinforcement,Economic_stability,,,,,,,1.0,0.7096,25.0,25.0,0.04,0.04,,,,,,,1.0
Approval/Reinforcement,Explore_options,,,,,,,3.0,0.6079,25.0,18.0,0.12,0.1667,,,,,,,3.0
Approval/Reinforcement,Express_concern/unease,,,,,,,2.0,0.5559,25.0,25.0,0.08,0.08,,,,,,,2.0
Approval/Reinforcement,General_information,5.0,0.6314,25.0,162.0,0.2,0.0309,4.0,0.5969,25.0,162.0,0.16,0.0247,,,,,,,9.0
Approval/Reinforcement,Health_care_access_and_quality,2.0,0.6599,25.0,100.0,0.08,0.02,2.0,0.6494,25.0,100.0,0.08,0.02,,,,,,,4.0
Approval/Reinforcement,Maintain_communication,2.0,0.5555,25.0,74.0,0.08,0.027,,,,,,,,,,,,,2.0
Approval/Reinforcement,Making_decision_together,,,,,,,1.0,0.6517,25.0,13.0,0.04,0.0769,,,,,,,1.0
Approval/Reinforcement,Neighborhood_and_built_environment,2.0,0.6712,25.0,7.0,0.08,0.2857,,,,,,,,,,,,,2.0
Approval/Reinforcement,Reassurance,5.0,0.7549,25.0,14.0,0.2,0.3571,2.0,0.8651,25.0,14.0,0.08,0.1429,2.0,1.0,25.0,14.0,0.08,0.1429,9.0
Approval/Reinforcement,Scheduling_appt,,,,,,,21.0,0.6619,25.0,153.0,0.84,0.1373,,,,,,,21.0
Approval/Reinforcement,Seeking_Approval,4.0,0.6184,25.0,29.0,0.16,0.1379,20.0,0.7053,25.0,29.0,0.8,0.6897,,,,,,,24.0
Approval/Reinforcement,Share_options,,,,,,,5.0,0.6346,25.0,17.0,0.2,0.2941,,,,,,,5.0
Approval/Reinforcement,active_participation_/involvement,,,,,,,8.0,0.6185,25.0,146.0,0.32,0.0548,,,,,,,8.0
Approval/Reinforcement,checking_understanding/clarification,,,,,,,2.0,0.6434,25.0,20.0,0.08,0.1,,,,,,,2.0
Approval/Reinforcement,express_opinions,,,,,,,1.0,0.6318,25.0,52.0,0.04,0.0192,,,,,,,1.0
Approval/Reinforcement,instruction,,,,,,,2.0,0.5767,25.0,44.0,0.08,0.0455,,,,,,,2.0
Approval/Reinforcement,invite_collaboration,2.0,0.8323,25.0,11.0,0.08,0.1818,2.0,0.9044,25.0,11.0,0.08,0.1818,2.0,0.7199,25.0,11.0,0.08,0.1818,6.0
Approval/Reinforcement,state_preferences,1.0,0.6114,25.0,45.0,0.04,0.0222,1.0,0.7141,25.0,45.0,0.04,0.0222,,,,,,,2.0
Care_Coordination,Connection,13.0,0.6584,176.0,105.0,0.0739,0.1238,24.0,0.5987,176.0,105.0,0.1364,0.2286,4.0,0.5827,176.0,105.0,0.0227,0.0381,41.0
Care_Coordination,Diagnostics,21.0,0.6853,176.0,205.0,0.1193,0.1024,42.0,0.6257,176.0,205.0,0.2386,0.2049,4.0,0.5768,176.0,205.0,0.0227,0.0195,67.0
Care_Coordination,Drugs,42.0,0.6459,176.0,174.0,0.2386,0.2414,49.0,0.6145,176.0,174.0,0.2784,0.2816,,,,,,,91.0
Care_Coordination,Economic_stability,4.0,0.5978,176.0,25.0,0.0227,0.16,8.0,0.637,176.0,25.0,0.0455,0.32,,,,,,,12.0
Care_Coordination,Explore_options,,,,,,,11.0,0.6002,176.0,18.0,0.0625,0.6111,,,,,,,11.0
Care_Coordination,General_information,39.0,0.6347,176.0,162.0,0.2216,0.2407,80.0,0.6496,176.0,162.0,0.4545,0.4938,4.0,0.6695,176.0,162.0,0.0227,0.0247,123.0
Care_Coordination,Health_care_access_and_quality,18.0,0.6488,176.0,100.0,0.1023,0.18,45.0,0.6467,176.0,100.0,0.2557,0.45,2.0,0.6174,176.0,100.0,0.0114,0.02,65.0
Care_Coordination,Maintain_communication,14.0,0.6715,176.0,74.0,0.0795,0.1892,48.0,0.6967,176.0,74.0,0.2727,0.6486,2.0,1.0,176.0,74.0,0.0114,0.027,64.0
Care_Coordination,Making_decision_together,2.0,0.6105,176.0,13.0,0.0114,0.1538,2.0,0.6137,176.0,13.0,0.0114,0.1538,,,,,,,4.0
Care_Coordination,Reassurance,,,,,,,6.0,0.6289,176.0,14.0,0.0341,0.4286,,,,,,,6.0
Care_Coordination,Scheduling_appt,51.0,0.6241,176.0,153.0,0.2898,0.3333,115.0,0.6918,176.0,153.0,0.6534,0.7516,2.0,0.575,176.0,153.0,0.0114,0.0131,168.0
Care_Coordination,Seeking_Approval,,,,,,,7.0,0.6698,176.0,29.0,0.0398,0.2414,,,,,,,7.0
Care_Coordination,Share_options,6.0,0.6788,176.0,17.0,0.0341,0.3529,4.0,0.5965,176.0,17.0,0.0227,0.2353,2.0,0.6601,176.0,17.0,0.0114,0.1176,12.0
Care_Coordination,Symptoms,10.0,0.596,176.0,115.0,0.0568,0.087,15.0,0.5871,176.0,115.0,0.0852,0.1304,,,,,,,25.0
Care_Coordination,active_participation_/involvement,31.0,0.625,176.0,146.0,0.1761,0.2123,105.0,0.6652,176.0,146.0,0.5966,0.7192,6.0,0.6432,176.0,146.0,0.0341,0.0411,142.0
Care_Coordination,build_trust,,,,,,,1.0,0.5948,176.0,9.0,0.0057,0.1111,,,,,,,1.0
Care_Coordination,checking_understanding/clarification,,,,,,,2.0,0.5938,176.0,20.0,0.0114,0.1,,,,,,,2.0
Care_Coordination,express_opinions,4.0,0.5807,176.0,52.0,0.0227,0.0769,15.0,0.6201,176.0,52.0,0.0852,0.2885,,,,,,,19.0
Care_Coordination,instruction,11.0,0.623,176.0,44.0,0.0625,0.25,20.0,0.6529,176.0,44.0,0.1136,0.4545,,,,,,,31.0
Care_Coordination,invite_collaboration,2.0,0.5662,176.0,11.0,0.0114,0.1818,1.0,0.5835,176.0,11.0,0.0057,0.0909,,,,,,,3.0
Care_Coordination,signoff,,,,,,,1.0,0.5592,176.0,249.0,0.0057,0.004,,,,,,,1.0
Care_Coordination,state_preferences,5.0,0.6184,176.0,45.0,0.0284,0.1111,32.0,0.6327,176.0,45.0,0.1818,0.7111,,,,,,,37.0
Connection,Diagnostics,10.0,0.6617,105.0,205.0,0.0952,0.0488,,,,,,,4.0,0.6013,105.0,205.0,0.0381,0.0195,14.0
Connection,Drugs,10.0,0.6821,105.0,174.0,0.0952,0.0575,,,,,,,4.0,0.6011,105.0,174.0,0.0381,0.023,14.0
Connection,Economic_stability,,,,,,,,,,,,,1.0,0.5662,105.0,25.0,0.0095,0.04,1.0
Connection,General_information,10.0,0.6653,105.0,162.0,0.0952,0.0617,14.0,0.625,105.0,162.0,0.1333,0.0864,4.0,0.5729,105.0,162.0,0.0381,0.0247,28.0
Connection,Health_care_access_and_quality,1.0,0.6302,105.0,100.0,0.0095,0.01,,,,,,,,,,,,,1.0
Connection,Maintain_communication,4.0,0.8861,105.0,74.0,0.0381,0.0541,9.0,0.705,105.0,74.0,0.0857,0.1216,4.0,0.7276,105.0,74.0,0.0381,0.0541,17.0
Connection,Positive_Remarks/Reward,3.0,0.8522,105.0,6.0,0.0286,0.5,7.0,0.6836,105.0,6.0,0.0667,1.1667,2.0,1.0,105.0,6.0,0.019,0.3333,12.0
Connection,Reassurance,16.0,0.7658,105.0,14.0,0.1524,1.1429,12.0,0.6987,105.0,14.0,0.1143,0.8571,6.0,0.7289,105.0,14.0,0.0571,0.4286,34.0
Connection,Sadness/fear,15.0,0.6971,105.0,10.0,0.1429,1.5,6.0,0.5943,105.0,10.0,0.0571,0.6,2.0,1.0,105.0,10.0,0.019,0.2,23.0
Connection,Scheduling_appt,13.0,0.6647,105.0,153.0,0.1238,0.085,9.0,0.723,105.0,153.0,0.0857,0.0588,2.0,0.5564,105.0,153.0,0.019,0.0131,24.0
Connection,Seeking_Approval,2.0,0.638,105.0,29.0,0.019,0.069,,,,,,,,,,,,,2.0
Connection,Share_options,2.0,0.6637,105.0,17.0,0.019,0.1176,,,,,,,,,,,,,2.0
Connection,Symptoms,8.0,0.6364,105.0,115.0,0.0762,0.0696,9.0,0.6531,105.0,115.0,0.0857,0.0783,2.0,0.6186,105.0,115.0,0.019,0.0174,19.0
Connection,active_participation_/involvement,6.0,0.7673,105.0,146.0,0.0571,0.0411,8.0,0.6348,105.0,146.0,0.0762,0.0548,4.0,0.7761,105.0,146.0,0.0381,0.0274,18.0
Connection,build_trust,2.0,0.5531,105.0,9.0,0.019,0.2222,,,,,,,,,,,,,2.0
Connection,express_opinions,6.0,0.6643,105.0,52.0,0.0571,0.1154,2.0,0.5759,105.0,52.0,0.019,0.0385,,,,,,,8.0
Connection,instruction,2.0,0.6277,105.0,44.0,0.019,0.0455,2.0,0.5666,105.0,44.0,0.019,0.0455,,,,,,,4.0
Connection,invite_collaboration,4.0,0.6702,105.0,11.0,0.0381,0.3636,1.0,0.5774,105.0,11.0,0.0095,0.0909,,,,,,,5.0
Connection,salutation,16.0,0.7346,105.0,333.0,0.1524,0.048,4.0,0.7084,105.0,333.0,0.0381,0.012,12.0,0.6026,105.0,333.0,0.1143,0.036,32.0
Connection,signoff,80.0,0.8529,105.0,249.0,0.7619,0.3213,76.0,0.8098,105.0,249.0,0.7238,0.3052,56.0,0.8215,105.0,249.0,0.5333,0.2249,212.0
Connection,state_preferences,9.0,0.6324,105.0,45.0,0.0857,0.2,1.0,0.5713,105.0,45.0,0.0095,0.0222,2.0,0.6713,105.0,45.0,0.019,0.0444,12.0
Diagnostics,Drugs,69.0,0.6487,205.0,174.0,0.3366,0.3966,21.0,0.6459,205.0,174.0,0.1024,0.1207,6.0,0.5771,205.0,174.0,0.0293,0.0345,96.0
Diagnostics,Economic_stability,12.0,0.6791,205.0,25.0,0.0585,0.48,6.0,0.6439,205.0,25.0,0.0293,0.24,,,,,,,18.0
Diagnostics,Explore_options,6.0,0.6175,205.0,18.0,0.0293,0.3333,6.0,0.6003,205.0,18.0,0.0293,0.3333,,,,,,,12.0
Diagnostics,Express_concern/unease,4.0,0.6188,205.0,25.0,0.0195,0.16,8.0,0.5774,205.0,25.0,0.039,0.32,,,,,,,12.0
Diagnostics,General_information,53.0,0.6795,205.0,162.0,0.2585,0.3272,17.0,0.6433,205.0,162.0,0.0829,0.1049,2.0,1.0,205.0,162.0,0.0098,0.0123,72.0
Diagnostics,Health_care_access_and_quality,40.0,0.6473,205.0,100.0,0.1951,0.4,38.0,0.6937,205.0,100.0,0.1854,0.38,2.0,0.738,205.0,100.0,0.0098,0.02,80.0
Diagnostics,Maintain_communication,8.0,0.6434,205.0,74.0,0.039,0.1081,26.0,0.6174,205.0,74.0,0.1268,0.3514,2.0,0.6612,205.0,74.0,0.0098,0.027,36.0
Diagnostics,Making_decision_together,6.0,0.6266,205.0,13.0,0.0293,0.4615,5.0,0.6566,205.0,13.0,0.0244,0.3846,,,,,,,11.0
Diagnostics,Neighborhood_and_built_environment,2.0,0.5711,205.0,7.0,0.0098,0.2857,5.0,0.5778,205.0,7.0,0.0244,0.7143,,,,,,,7.0
Diagnostics,Prognosis,2.0,0.5515,205.0,6.0,0.0098,0.3333,4.0,0.5539,205.0,6.0,0.0195,0.6667,,,,,,,6.0
Diagnostics,Reassurance,2.0,0.6594,205.0,14.0,0.0098,0.1429,5.0,0.5793,205.0,14.0,0.0244,0.3571,,,,,,,7.0
Diagnostics,Scheduling_appt,49.0,0.6403,205.0,153.0,0.239,0.3203,113.0,0.6759,205.0,153.0,0.5512,0.7386,4.0,0.5616,205.0,153.0,0.0195,0.0261,166.0
Diagnostics,Seeking_Approval,4.0,0.61,205.0,29.0,0.0195,0.1379,7.0,0.6324,205.0,29.0,0.0341,0.2414,,,,,,,11.0
Diagnostics,Share_options,,,,,,,8.0,0.6332,205.0,17.0,0.039,0.4706,,,,,,,8.0
Diagnostics,Summarize_and_confirm_understanding,2.0,0.6946,205.0,7.0,0.0098,0.2857,4.0,0.725,205.0,7.0,0.0195,0.5714,,,,,,,6.0
Diagnostics,Symptoms,33.0,0.6325,205.0,115.0,0.161,0.287,4.0,0.6193,205.0,115.0,0.0195,0.0348,4.0,0.6082,205.0,115.0,0.0195,0.0348,41.0
Diagnostics,active_participation_/involvement,53.0,0.6848,205.0,146.0,0.2585,0.363,110.0,0.6605,205.0,146.0,0.5366,0.7534,14.0,0.6968,205.0,146.0,0.0683,0.0959,177.0
Diagnostics,build_trust,,,,,,,6.0,0.6752,205.0,9.0,0.0293,0.6667,,,,,,,6.0
Diagnostics,checking_understanding/clarification,,,,,,,11.0,0.6164,205.0,20.0,0.0537,0.55,,,,,,,11.0
Diagnostics,express_opinions,6.0,0.6321,205.0,52.0,0.0293,0.1154,31.0,0.6328,205.0,52.0,0.1512,0.5962,,,,,,,37.0
Diagnostics,instruction,2.0,0.781,205.0,44.0,0.0098,0.0455,48.0,0.6428,205.0,44.0,0.2341,1.0909,,,,,,,50.0
Diagnostics,invite_collaboration,,,,,,,2.0,0.6862,205.0,11.0,0.0098,0.1818,,,,,,,2.0
Diagnostics,state_preferences,10.0,0.6178,205.0,45.0,0.0488,0.2222,7.0,0.6264,205.0,45.0,0.0341,0.1556,2.0,0.6079,205.0,45.0,0.0098,0.0444,19.0
Drugs,Economic_stability,6.0,0.6723,174.0,25.0,0.0345,0.24,4.0,0.6173,174.0,25.0,0.023,0.16,,,,,,,10.0
Drugs,Encourage_questions,2.0,0.637,174.0,2.0,0.0115,1.0,,,,,,,,,,,,,2.0
Drugs,Explore_options,,,,,,,15.0,0.6121,174.0,18.0,0.0862,0.8333,,,,,,,15.0
Drugs,Express_concern/unease,4.0,0.6451,174.0,25.0,0.023,0.16,4.0,0.5849,174.0,25.0,0.023,0.16,,,,,,,8.0
Drugs,General_information,50.0,0.6462,174.0,162.0,0.2874,0.3086,14.0,0.6273,174.0,162.0,0.0805,0.0864,,,,,,,64.0
Drugs,Health_care_access_and_quality,16.0,0.657,174.0,100.0,0.092,0.16,67.0,0.6397,174.0,100.0,0.3851,0.67,2.0,0.557,174.0,100.0,0.0115,0.02,85.0
Drugs,Maintain_communication,14.0,0.6791,174.0,74.0,0.0805,0.1892,22.0,0.6337,174.0,74.0,0.1264,0.2973,2.0,0.8667,174.0,74.0,0.0115,0.027,38.0
Drugs,Making_decision_together,4.0,0.6882,174.0,13.0,0.023,0.3077,10.0,0.6388,174.0,13.0,0.0575,0.7692,,,,,,,14.0
Drugs,Positive_Remarks/Reward,2.0,0.735,174.0,6.0,0.0115,0.3333,,,,,,,,,,,,,2.0
Drugs,Reassurance,2.0,0.5584,174.0,14.0,0.0115,0.1429,,,,,,,,,,,,,2.0
Drugs,Scheduling_appt,37.0,0.65,174.0,153.0,0.2126,0.2418,40.0,0.6399,174.0,153.0,0.2299,0.2614,,,,,,,77.0
Drugs,Seeking_Approval,13.0,0.5888,174.0,29.0,0.0747,0.4483,45.0,0.6562,174.0,29.0,0.2586,1.5517,2.0,0.5755,174.0,29.0,0.0115,0.069,60.0
Drugs,Share_options,,,,,,,11.0,0.6548,174.0,17.0,0.0632,0.6471,,,,,,,11.0
Drugs,Symptoms,22.0,0.6404,174.0,115.0,0.1264,0.1913,5.0,0.616,174.0,115.0,0.0287,0.0435,,,,,,,27.0
Drugs,active_participation_/involvement,34.0,0.6435,174.0,146.0,0.1954,0.2329,60.0,0.6311,174.0,146.0,0.3448,0.411,6.0,0.6939,174.0,146.0,0.0345,0.0411,100.0
Drugs,checking_understanding/clarification,2.0,1.0,174.0,20.0,0.0115,0.1,11.0,0.7049,174.0,20.0,0.0632,0.55,2.0,1.0,174.0,20.0,0.0115,0.1,15.0
Drugs,express_opinions,7.0,0.6914,174.0,52.0,0.0402,0.1346,25.0,0.6293,174.0,52.0,0.1437,0.4808,,,,,,,32.0
Drugs,instruction,,,,,,,11.0,0.6415,174.0,44.0,0.0632,0.25,,,,,,,11.0
Drugs,invite_collaboration,3.0,0.5938,174.0,11.0,0.0172,0.2727,2.0,0.6095,174.0,11.0,0.0115,0.1818,,,,,,,5.0
Drugs,salutation,1.0,0.6174,174.0,333.0,0.0057,0.003,,,,,,,,,,,,,1.0
Drugs,signoff,7.0,0.7132,174.0,249.0,0.0402,0.0281,,,,,,,3.0,0.6254,174.0,249.0,0.0172,0.012,10.0
Drugs,state_preferences,13.0,0.6295,174.0,45.0,0.0747,0.2889,4.0,0.5821,174.0,45.0,0.023,0.0889,2.0,0.587,174.0,45.0,0.0115,0.0444,19.0
Economic_stability,Express_concern/unease,2.0,0.6289,25.0,25.0,0.08,0.08,,,,,,,,,,,,,2.0
Economic_stability,General_information,12.0,0.6875,25.0,162.0,0.48,0.0741,11.0,0.6319,25.0,162.0,0.44,0.0679,,,,,,,23.0
Economic_stability,Health_care_access_and_quality,6.0,0.736,25.0,100.0,0.24,0.06,11.0,0.6509,25.0,100.0,0.44,0.11,,,,,,,17.0
Economic_stability,Maintain_communication,,,,,,,3.0,0.639,25.0,74.0,0.12,0.0405,,,,,,,3.0
Economic_stability,Scheduling_appt,9.0,0.6593,25.0,153.0,0.36,0.0588,9.0,0.6229,25.0,153.0,0.36,0.0588,,,,,,,18.0
Economic_stability,Symptoms,4.0,0.603,25.0,115.0,0.16,0.0348,3.0,0.6227,25.0,115.0,0.12,0.0261,,,,,,,7.0
Economic_stability,active_participation_/involvement,5.0,0.5841,25.0,146.0,0.2,0.0342,7.0,0.6242,25.0,146.0,0.28,0.0479,,,,,,,12.0
Economic_stability,express_opinions,1.0,0.5663,25.0,52.0,0.04,0.0192,,,,,,,,,,,,,1.0
Economic_stability,instruction,2.0,0.6321,25.0,44.0,0.08,0.0455,4.0,0.6361,25.0,44.0,0.16,0.0909,,,,,,,6.0
Economic_stability,invite_collaboration,,,,,,,3.0,0.6614,25.0,11.0,0.12,0.2727,,,,,,,3.0
Economic_stability,state_preferences,3.0,0.7125,25.0,45.0,0.12,0.0667,1.0,0.5608,25.0,45.0,0.04,0.0222,2.0,0.5762,25.0,45.0,0.08,0.0444,6.0
Encourage_questions,General_information,,,,,,,2.0,0.6115,2.0,162.0,1.0,0.0123,,,,,,,2.0
Encourage_questions,Maintain_communication,14.0,0.7999,2.0,74.0,7.0,0.1892,18.0,0.6657,2.0,74.0,9.0,0.2432,6.0,0.7477,2.0,74.0,3.0,0.0811,38.0
Encourage_questions,active_participation_/involvement,2.0,0.7775,2.0,146.0,1.0,0.0137,3.0,0.6149,2.0,146.0,1.5,0.0205,,,,,,,5.0
Encourage_questions,invite_collaboration,,,,,,,1.0,0.5593,2.0,11.0,0.5,0.0909,,,,,,,1.0
Explore_options,Express_concern/unease,2.0,0.5573,18.0,25.0,0.1111,0.08,,,,,,,,,,,,,2.0
Explore_options,General_information,,,,,,,2.0,0.6069,18.0,162.0,0.1111,0.0123,,,,,,,2.0
Explore_options,Health_care_access_and_quality,5.0,0.5935,18.0,100.0,0.2778,0.05,5.0,0.6542,18.0,100.0,0.2778,0.05,,,,,,,10.0
Explore_options,Maintain_communication,,,,,,,4.0,0.6251,18.0,74.0,0.2222,0.0541,,,,,,,4.0
Explore_options,Making_decision_together,,,,,,,3.0,0.6045,18.0,13.0,0.1667,0.2308,,,,,,,3.0
Explore_options,Scheduling_appt,,,,,,,5.0,0.6245,18.0,153.0,0.2778,0.0327,,,,,,,5.0
Explore_options,Seeking_Approval,2.0,0.5673,18.0,29.0,0.1111,0.069,,,,,,,,,,,,,2.0
Explore_options,Share_options,,,,,,,2.0,0.7013,18.0,17.0,0.1111,0.1176,,,,,,,2.0
Explore_options,Symptoms,,,,,,,2.0,0.5559,18.0,115.0,0.1111,0.0174,,,,,,,2.0
Explore_options,active_participation_/involvement,2.0,0.563,18.0,146.0,0.1111,0.0137,12.0,0.6078,18.0,146.0,0.6667,0.0822,,,,,,,14.0
Explore_options,express_opinions,,,,,,,2.0,0.668,18.0,52.0,0.1111,0.0385,2.0,0.603,18.0,52.0,0.1111,0.0385,4.0
Explore_options,instruction,,,,,,,1.0,0.6827,18.0,44.0,0.0556,0.0227,,,,,,,1.0
Express_concern/unease,General_information,12.0,0.6678,25.0,162.0,0.48,0.0741,4.0,0.6441,25.0,162.0,0.16,0.0247,2.0,0.6977,25.0,162.0,0.08,0.0123,18.0
Express_concern/unease,Making_decision_together,,,,,,,2.0,0.6172,25.0,13.0,0.08,0.1538,,,,,,,2.0
Express_concern/unease,Reassurance,,,,,,,6.0,0.6242,25.0,14.0,0.24,0.4286,,,,,,,6.0
Express_concern/unease,Seeking_Approval,2.0,0.7366,25.0,29.0,0.08,0.069,5.0,0.5767,25.0,29.0,0.2,0.1724,,,,,,,7.0
Express_concern/unease,Symptoms,10.0,0.6461,25.0,115.0,0.4,0.087,9.0,0.6042,25.0,115.0,0.36,0.0783,2.0,0.9133,25.0,115.0,0.08,0.0174,21.0
Express_concern/unease,active_participation_/involvement,6.0,0.6365,25.0,146.0,0.24,0.0411,4.0,0.5843,25.0,146.0,0.16,0.0274,,,,,,,10.0
Express_concern/unease,express_opinions,2.0,0.5609,25.0,52.0,0.08,0.0385,,,,,,,,,,,,,2.0
Express_concern/unease,state_preferences,2.0,0.5545,25.0,45.0,0.08,0.0444,,,,,,,,,,,,,2.0
General_information,Health_care_access_and_quality,17.0,0.6036,162.0,100.0,0.1049,0.17,43.0,0.6313,162.0,100.0,0.2654,0.43,,,,,,,60.0
General_information,Maintain_communication,16.0,0.6095,162.0,74.0,0.0988,0.2162,22.0,0.6434,162.0,74.0,0.1358,0.2973,,,,,,,38.0
General_information,Making_decision_together,7.0,0.633,162.0,13.0,0.0432,0.5385,2.0,0.5626,162.0,13.0,0.0123,0.1538,,,,,,,9.0
General_information,Neighborhood_and_built_environment,2.0,0.6139,162.0,7.0,0.0123,0.2857,,,,,,,,,,,,,2.0
General_information,Positive_Remarks/Reward,2.0,0.7973,162.0,6.0,0.0123,0.3333,,,,,,,2.0,0.7269,162.0,6.0,0.0123,0.3333,4.0
General_information,Reassurance,4.0,0.7961,162.0,14.0,0.0247,0.2857,4.0,0.5799,162.0,14.0,0.0247,0.2857,2.0,0.8802,162.0,14.0,0.0123,0.1429,10.0
General_information,Scheduling_appt,42.0,0.6586,162.0,153.0,0.2593,0.2745,30.0,0.6262,162.0,153.0,0.1852,0.1961,5.0,0.5914,162.0,153.0,0.0309,0.0327,77.0
General_information,Seeking_Approval,6.0,0.5984,162.0,29.0,0.037,0.2069,2.0,0.5919,162.0,29.0,0.0123,0.069,,,,,,,8.0
General_information,Share_options,,,,,,,3.0,0.6124,162.0,17.0,0.0185,0.1765,,,,,,,3.0
General_information,Summarize_and_confirm_understanding,,,,,,,2.0,0.6404,162.0,7.0,0.0123,0.2857,,,,,,,2.0
General_information,Symptoms,44.0,0.6251,162.0,115.0,0.2716,0.3826,14.0,0.6129,162.0,115.0,0.0864,0.1217,,,,,,,58.0
General_information,active_participation_/involvement,48.0,0.6893,162.0,146.0,0.2963,0.3288,50.0,0.6465,162.0,146.0,0.3086,0.3425,15.0,0.6664,162.0,146.0,0.0926,0.1027,113.0
General_information,build_trust,4.0,0.706,162.0,9.0,0.0247,0.4444,2.0,0.6423,162.0,9.0,0.0123,0.2222,2.0,0.5528,162.0,9.0,0.0123,0.2222,8.0
General_information,checking_understanding/clarification,,,,,,,5.0,0.6231,162.0,20.0,0.0309,0.25,,,,,,,5.0
General_information,express_opinions,14.0,0.6157,162.0,52.0,0.0864,0.2692,14.0,0.6056,162.0,52.0,0.0864,0.2692,,,,,,,28.0
General_information,instruction,14.0,0.647,162.0,44.0,0.0864,0.3182,32.0,0.6082,162.0,44.0,0.1975,0.7273,2.0,0.576,162.0,44.0,0.0123,0.0455,48.0
General_information,invite_collaboration,3.0,0.5962,162.0,11.0,0.0185,0.2727,6.0,0.6622,162.0,11.0,0.037,0.5455,,,,,,,9.0
General_information,state_preferences,18.0,0.6785,162.0,45.0,0.1111,0.4,6.0,0.6212,162.0,45.0,0.037,0.1333,3.0,0.5675,162.0,45.0,0.0185,0.0667,27.0
Health_care_access_and_quality,Maintain_communication,4.0,0.7584,100.0,74.0,0.04,0.0541,9.0,0.6504,100.0,74.0,0.09,0.1216,,,,,,,13.0
Health_care_access_and_quality,Making_decision_together,2.0,0.6008,100.0,13.0,0.02,0.1538,,,,,,,,,,,,,2.0
Health_care_access_and_quality,Neighborhood_and_built_environment,4.0,0.5833,100.0,7.0,0.04,0.5714,1.0,0.596,100.0,7.0,0.01,0.1429,,,,,,,5.0
Health_care_access_and_quality,Prognosis,,,,,,,4.0,0.5704,100.0,6.0,0.04,0.6667,,,,,,,4.0
Health_care_access_and_quality,Scheduling_appt,32.0,0.6289,100.0,153.0,0.32,0.2092,52.0,0.6764,100.0,153.0,0.52,0.3399,,,,,,,84.0
Health_care_access_and_quality,Seeking_Approval,,,,,,,1.0,0.5957,100.0,29.0,0.01,0.0345,,,,,,,1.0
Health_care_access_and_quality,Symptoms,10.0,0.7295,100.0,115.0,0.1,0.087,4.0,0.621,100.0,115.0,0.04,0.0348,4.0,0.6286,100.0,115.0,0.04,0.0348,18.0
Health_care_access_and_quality,active_participation_/involvement,6.0,0.5824,100.0,146.0,0.06,0.0411,36.0,0.6327,100.0,146.0,0.36,0.2466,,,,,,,42.0
Health_care_access_and_quality,build_trust,2.0,0.6419,100.0,9.0,0.02,0.2222,,,,,,,,,,,,,2.0
Health_care_access_and_quality,checking_understanding/clarification,,,,,,,9.0,0.6812,100.0,20.0,0.09,0.45,,,,,,,9.0
Health_care_access_and_quality,express_opinions,4.0,0.6116,100.0,52.0,0.04,0.0769,1.0,0.6138,100.0,52.0,0.01,0.0192,,,,,,,5.0
Health_care_access_and_quality,instruction,2.0,0.7935,100.0,44.0,0.02,0.0455,23.0,0.645,100.0,44.0,0.23,0.5227,2.0,0.6113,100.0,44.0,0.02,0.0455,27.0
Health_care_access_and_quality,state_preferences,4.0,0.6228,100.0,45.0,0.04,0.0889,13.0,0.6382,100.0,45.0,0.13,0.2889,,,,,,,17.0
Maintain_communication,Making_decision_together,,,,,,,1.0,0.575,74.0,13.0,0.0135,0.0769,,,,,,,1.0
Maintain_communication,Positive_Remarks/Reward,2.0,0.7018,74.0,6.0,0.027,0.3333,,,,,,,,,,,,,2.0
Maintain_communication,Reassurance,,,,,,,1.0,0.5924,74.0,14.0,0.0135,0.0714,,,,,,,1.0
Maintain_communication,Scheduling_appt,13.0,0.6415,74.0,153.0,0.1757,0.085,34.0,0.6444,74.0,153.0,0.4595,0.2222,4.0,0.7008,74.0,153.0,0.0541,0.0261,51.0
Maintain_communication,Seeking_Approval,4.0,0.6045,74.0,29.0,0.0541,0.1379,,,,,,,,,,,,,4.0
Maintain_communication,Share_options,,,,,,,2.0,0.5818,74.0,17.0,0.027,0.1176,,,,,,,2.0
Maintain_communication,Symptoms,2.0,0.5761,74.0,115.0,0.027,0.0174,4.0,0.6415,74.0,115.0,0.0541,0.0348,,,,,,,6.0
Maintain_communication,active_participation_/involvement,64.0,0.7329,74.0,146.0,0.8649,0.4384,60.0,0.6509,74.0,146.0,0.8108,0.411,31.0,0.7093,74.0,146.0,0.4189,0.2123,155.0
Maintain_communication,build_trust,,,,,,,2.0,0.6555,74.0,9.0,0.027,0.2222,,,,,,,2.0
Maintain_communication,checking_understanding/clarification,,,,,,,3.0,0.569,74.0,20.0,0.0405,0.15,,,,,,,3.0
Maintain_communication,express_opinions,,,,,,,10.0,0.6509,74.0,52.0,0.1351,0.1923,,,,,,,10.0
Maintain_communication,instruction,11.0,0.5867,74.0,44.0,0.1486,0.25,14.0,0.6438,74.0,44.0,0.1892,0.3182,,,,,,,25.0
Maintain_communication,invite_collaboration,2.0,0.7608,74.0,11.0,0.027,0.1818,4.0,0.6269,74.0,11.0,0.0541,0.3636,2.0,0.7635,74.0,11.0,0.027,0.1818,8.0
Maintain_communication,signoff,4.0,0.6071,74.0,249.0,0.0541,0.0161,2.0,0.5821,74.0,249.0,0.027,0.008,,,,,,,6.0
Maintain_communication,state_preferences,2.0,0.5894,74.0,45.0,0.027,0.0444,7.0,0.6273,74.0,45.0,0.0946,0.1556,,,,,,,9.0
Making_decision_together,Positive_Remarks/Reward,2.0,0.5713,13.0,6.0,0.1538,0.3333,,,,,,,,,,,,,2.0
Making_decision_together,Reassurance,2.0,0.5633,13.0,14.0,0.1538,0.1429,,,,,,,,,,,,,2.0
Making_decision_together,Scheduling_appt,4.0,0.6989,13.0,153.0,0.3077,0.0261,2.0,0.6431,13.0,153.0,0.1538,0.0131,,,,,,,6.0
Making_decision_together,Seeking_Approval,,,,,,,4.0,0.6476,13.0,29.0,0.3077,0.1379,,,,,,,4.0
Making_decision_together,Share_options,,,,,,,3.0,0.5718,13.0,17.0,0.2308,0.1765,,,,,,,3.0
Making_decision_together,Symptoms,6.0,0.6542,13.0,115.0,0.4615,0.0522,,,,,,,2.0,0.6613,13.0,115.0,0.1538,0.0174,8.0
Making_decision_together,active_participation_/involvement,,,,,,,3.0,0.6505,13.0,146.0,0.2308,0.0205,,,,,,,3.0
Making_decision_together,express_opinions,,,,,,,2.0,0.6102,13.0,52.0,0.1538,0.0385,,,,,,,2.0
Making_decision_together,instruction,,,,,,,5.0,0.6205,13.0,44.0,0.3846,0.1136,,,,,,,5.0
Making_decision_together,invite_collaboration,,,,,,,1.0,0.6599,13.0,11.0,0.0769,0.0909,,,,,,,1.0
Neighborhood_and_built_environment,Scheduling_appt,,,,,,,1.0,0.592,7.0,153.0,0.1429,0.0065,,,,,,,1.0
Neighborhood_and_built_environment,active_participation_/involvement,4.0,0.5891,7.0,146.0,0.5714,0.0274,,,,,,,,,,,,,4.0
Positive_Remarks/Reward,Reassurance,2.0,0.7271,6.0,14.0,0.3333,0.1429,1.0,0.5721,6.0,14.0,0.1667,0.0714,,,,,,,3.0
Positive_Remarks/Reward,Symptoms,4.0,0.7079,6.0,115.0,0.6667,0.0348,7.0,0.6512,6.0,115.0,1.1667,0.0609,2.0,0.6308,6.0,115.0,0.3333,0.0174,13.0
Positive_Remarks/Reward,build_trust,2.0,0.6135,6.0,9.0,0.3333,0.2222,,,,,,,,,,,,,2.0
Positive_Remarks/Reward,state_preferences,2.0,0.6703,6.0,45.0,0.3333,0.0444,,,,,,,2.0,0.5622,6.0,45.0,0.3333,0.0444,4.0
Prognosis,Summarize_and_confirm_understanding,,,,,,,4.0,0.6474,6.0,7.0,0.6667,0.5714,,,,,,,4.0
Prognosis,Symptoms,,,,,,,6.0,0.5809,6.0,115.0,1.0,0.0522,,,,,,,6.0
Prognosis,active_participation_/involvement,4.0,0.7242,6.0,146.0,0.6667,0.0274,10.0,0.6882,6.0,146.0,1.6667,0.0685,2.0,0.6935,6.0,146.0,0.3333,0.0137,16.0
Prognosis,checking_understanding/clarification,,,,,,,2.0,0.5745,6.0,20.0,0.3333,0.1,,,,,,,2.0
Reassurance,Scheduling_appt,2.0,0.5523,14.0,153.0,0.1429,0.0131,,,,,,,,,,,,,2.0
Reassurance,Symptoms,10.0,0.6875,14.0,115.0,0.7143,0.087,5.0,0.5932,14.0,115.0,0.3571,0.0435,,,,,,,15.0
Reassurance,active_participation_/involvement,4.0,0.6815,14.0,146.0,0.2857,0.0274,2.0,0.6198,14.0,146.0,0.1429,0.0137,,,,,,,6.0
Reassurance,express_opinions,1.0,0.5567,14.0,52.0,0.0714,0.0192,,,,,,,,,,,,,1.0
Reassurance,instruction,2.0,0.5513,14.0,44.0,0.1429,0.0455,2.0,0.6737,14.0,44.0,0.1429,0.0455,,,,,,,4.0
Reassurance,state_preferences,1.0,0.5551,14.0,45.0,0.0714,0.0222,,,,,,,,,,,,,1.0
Sadness/fear,Symptoms,,,,,,,4.0,0.6769,10.0,115.0,0.4,0.0348,,,,,,,4.0
Sadness/fear,instruction,,,,,,,2.0,0.6454,10.0,44.0,0.2,0.0455,,,,,,,2.0
Sadness/fear,signoff,2.0,0.5892,10.0,249.0,0.2,0.008,,,,,,,,,,,,,2.0
Scheduling_appt,Seeking_Approval,7.0,0.7139,153.0,29.0,0.0458,0.2414,14.0,0.6535,153.0,29.0,0.0915,0.4828,2.0,0.6165,153.0,29.0,0.0131,0.069,23.0
Scheduling_appt,Share_options,4.0,0.6447,153.0,17.0,0.0261,0.2353,9.0,0.6687,153.0,17.0,0.0588,0.5294,,,,,,,13.0
Scheduling_appt,Symptoms,9.0,0.6693,153.0,115.0,0.0588,0.0783,1.0,0.5532,153.0,115.0,0.0065,0.0087,,,,,,,10.0
Scheduling_appt,active_participation_/involvement,26.0,0.6294,153.0,146.0,0.1699,0.1781,90.0,0.6544,153.0,146.0,0.5882,0.6164,1.0,0.552,153.0,146.0,0.0065,0.0068,117.0
Scheduling_appt,checking_understanding/clarification,2.0,0.6086,153.0,20.0,0.0131,0.1,10.0,0.6487,153.0,20.0,0.0654,0.5,,,,,,,12.0
Scheduling_appt,express_opinions,8.0,0.7145,153.0,52.0,0.0523,0.1538,15.0,0.6535,153.0,52.0,0.098,0.2885,2.0,0.8463,153.0,52.0,0.0131,0.0385,25.0
Scheduling_appt,instruction,23.0,0.732,153.0,44.0,0.1503,0.5227,44.0,0.6476,153.0,44.0,0.2876,1.0,8.0,0.6924,153.0,44.0,0.0523,0.1818,75.0
Scheduling_appt,invite_collaboration,4.0,0.5839,153.0,11.0,0.0261,0.3636,8.0,0.64,153.0,11.0,0.0523,0.7273,,,,,,,12.0
Scheduling_appt,signoff,3.0,0.5837,153.0,249.0,0.0196,0.012,4.0,0.6646,153.0,249.0,0.0261,0.0161,,,,,,,7.0
Scheduling_appt,state_preferences,14.0,0.6547,153.0,45.0,0.0915,0.3111,47.0,0.6178,153.0,45.0,0.3072,1.0444,,,,,,,61.0
Seeking_Approval,Share_options,,,,,,,2.0,0.6341,29.0,17.0,0.069,0.1176,,,,,,,2.0
Seeking_Approval,active_participation_/involvement,4.0,0.5571,29.0,146.0,0.1379,0.0274,19.0,0.6233,29.0,146.0,0.6552,0.1301,,,,,,,23.0
Seeking_Approval,checking_understanding/clarification,2.0,0.7086,29.0,20.0,0.069,0.1,2.0,0.7743,29.0,20.0,0.069,0.1,,,,,,,4.0
Seeking_Approval,express_opinions,2.0,0.6651,29.0,52.0,0.069,0.0385,4.0,0.705,29.0,52.0,0.1379,0.0769,,,,,,,6.0
Seeking_Approval,invite_collaboration,,,,,,,2.0,0.7033,29.0,11.0,0.069,0.1818,,,,,,,2.0
Seeking_Approval,salutation,2.0,0.743,29.0,333.0,0.069,0.006,,,,,,,2.0,0.6276,29.0,333.0,0.069,0.006,4.0
Seeking_Approval,state_preferences,,,,,,,5.0,0.6575,29.0,45.0,0.1724,0.1111,,,,,,,5.0
Share_options,Symptoms,2.0,0.6113,17.0,115.0,0.1176,0.0174,4.0,0.6105,17.0,115.0,0.2353,0.0348,,,,,,,6.0
Share_options,active_participation_/involvement,,,,,,,2.0,0.5646,17.0,146.0,0.1176,0.0137,,,,,,,2.0
Share_options,checking_understanding/clarification,,,,,,,1.0,0.5569,17.0,20.0,0.0588,0.05,,,,,,,1.0
Share_options,express_opinions,,,,,,,2.0,0.6379,17.0,52.0,0.1176,0.0385,,,,,,,2.0
Share_options,invite_collaboration,2.0,0.8247,17.0,11.0,0.1176,0.1818,2.0,0.6037,17.0,11.0,0.1176,0.1818,,,,,,,4.0
Share_options,signoff,2.0,0.6032,17.0,249.0,0.1176,0.008,,,,,,,,,,,,,2.0
Share_options,state_preferences,2.0,0.5821,17.0,45.0,0.1176,0.0444,,,,,,,,,,,,,2.0
Summarize_and_confirm_understanding,Symptoms,,,,,,,2.0,0.5775,7.0,115.0,0.2857,0.0174,,,,,,,2.0
Summarize_and_confirm_understanding,active_participation_/involvement,,,,,,,2.0,0.6452,7.0,146.0,0.2857,0.0137,,,,,,,2.0
Summarize_and_confirm_understanding,express_opinions,,,,,,,2.0,0.6994,7.0,52.0,0.2857,0.0385,,,,,,,2.0
Summarize_and_confirm_understanding,instruction,,,,,,,1.0,0.598,7.0,44.0,0.1429,0.0227,,,,,,,1.0
Symptoms,active_participation_/involvement,16.0,0.6034,115.0,146.0,0.1391,0.1096,17.0,0.5996,115.0,146.0,0.1478,0.1164,,,,,,,33.0
Symptoms,express_opinions,10.0,0.7938,115.0,52.0,0.087,0.1923,16.0,0.6532,115.0,52.0,0.1391,0.3077,6.0,0.7627,115.0,52.0,0.0522,0.1154,32.0
Symptoms,instruction,,,,,,,2.0,0.5511,115.0,44.0,0.0174,0.0455,,,,,,,2.0
Symptoms,signoff,,,,,,,1.0,0.6197,115.0,249.0,0.0087,0.004,,,,,,,1.0
Symptoms,state_preferences,2.0,0.6535,115.0,45.0,0.0174,0.0444,4.0,0.6184,115.0,45.0,0.0348,0.0889,,,,,,,6.0
active_participation_/involvement,build_trust,2.0,0.8781,146.0,9.0,0.0137,0.2222,2.0,0.758,146.0,9.0,0.0137,0.2222,2.0,0.8057,146.0,9.0,0.0137,0.2222,6.0
active_participation_/involvement,checking_understanding/clarification,2.0,0.7042,146.0,20.0,0.0137,0.1,12.0,0.6345,146.0,20.0,0.0822,0.6,,,,,,,14.0
active_participation_/involvement,express_opinions,4.0,0.6721,146.0,52.0,0.0274,0.0769,7.0,0.6118,146.0,52.0,0.0479,0.1346,,,,,,,11.0
active_participation_/involvement,instruction,10.0,0.6288,146.0,44.0,0.0685,0.2273,14.0,0.6333,146.0,44.0,0.0959,0.3182,,,,,,,24.0
active_participation_/involvement,invite_collaboration,4.0,0.5883,146.0,11.0,0.0274,0.3636,7.0,0.6751,146.0,11.0,0.0479,0.6364,,,,,,,11.0
active_participation_/involvement,salutation,1.0,0.6223,146.0,333.0,0.0068,0.003,,,,,,,,,,,,,1.0
active_participation_/involvement,state_preferences,6.0,0.76,146.0,45.0,0.0411,0.1333,31.0,0.6665,146.0,45.0,0.2123,0.6889,2.0,1.0,146.0,45.0,0.0137,0.0444,39.0
build_trust,express_opinions,,,,,,,2.0,0.6741,9.0,52.0,0.2222,0.0385,,,,,,,2.0
checking_understanding/clarification,express_opinions,2.0,0.5541,20.0,52.0,0.1,0.0385,8.0,0.6261,20.0,52.0,0.4,0.1538,,,,,,,10.0
checking_understanding/clarification,instruction,,,,,,,1.0,0.5547,20.0,44.0,0.05,0.0227,,,,,,,1.0
checking_understanding/clarification,state_preferences,,,,,,,4.0,0.6732,20.0,45.0,0.2,0.0889,,,,,,,4.0
express_opinions,instruction,,,,,,,3.0,0.6001,52.0,44.0,0.0577,0.0682,,,,,,,3.0
express_opinions,invite_collaboration,,,,,,,2.0,0.702,52.0,11.0,0.0385,0.1818,,,,,,,2.0
express_opinions,state_preferences,5.0,0.6792,52.0,45.0,0.0962,0.1111,7.0,0.6461,52.0,45.0,0.1346,0.1556,,,,,,,12.0
instruction,invite_collaboration,2.0,0.6632,44.0,11.0,0.0455,0.1818,3.0,0.6185,44.0,11.0,0.0682,0.2727,,,,,,,5.0
instruction,state_preferences,2.0,0.5707,44.0,45.0,0.0455,0.0444,2.0,0.563,44.0,45.0,0.0455,0.0444,,,,,,,4.0
invite_collaboration,state_preferences,,,,,,,6.0,0.6337,11.0,45.0,0.5455,0.1333,,,,,,,6.0
salutation,signoff,9.0,0.8642,333.0,249.0,0.027,0.0361,12.0,0.7389,333.0,249.0,0.036,0.0482,6.0,1.0,333.0,249.0,0.018,0.0241,27.0
signoff,state_preferences,4.0,0.5568,249.0,45.0,0.0161,0.0889,,,,,,,,,,,,,4.0
