phrase_text,phrase_type,occurrences,doc_freq,avg_len_char,avg_len_tokens,top_label_by_PMI,top_label_PMI,label_purity,label_entropy,label_Care_Coordination_docfreq,label_Diagnostics_docfreq,label_Drugs_docfreq,label_General_information_docfreq,label_Scheduling_appt_docfreq,label_Symptoms_docfreq,label_Care_Coordination_PMI,label_Diagnostics_PMI,label_Drugs_PMI,label_General_information_PMI,label_Scheduling_appt_PMI,label_Symptoms_PMI
the middle,NP,2,1,10,2,Scheduling_appt,2.585,1.0,0.0,0,0,0,0,1,0,,,,,2.585,
of MM/DD/YYYY,PP,4,2,13,2,Scheduling_appt,1.585,0.5,1.0,0,0,0,0,1,1,,,,,1.585,1.585
MM/DD/YYYY,NP,84,44,10,1,Scheduling_appt,1.213,0.3864,2.308338,6,7,8,4,17,2,-0.2895,-0.0671,0.1255,-0.8745,1.213,-1.8745
in Org3,PP,2,1,7,2,Scheduling_appt,2.585,1.0,0.0,0,0,0,0,1,0,,,,,2.585,
Org3,NP,5,3,4,1,General_information,2.0,0.6667,0.918296,0,0,0,2,1,0,,,,2.0,1.0,
on a MM/DD/YYYY morning,PP,4,2,23,4,Scheduling_appt,2.585,1.0,0.0,0,0,0,0,2,0,,,,,2.585,
a MM/DD/YYYY morning,NP,4,2,20,3,Scheduling_appt,2.585,1.0,0.0,0,0,0,0,2,0,,,,,2.585,
Can you put,VP,1,1,11,3,Scheduling_appt,2.585,1.0,0.0,0,0,0,0,1,0,,,,,2.585,
you,NP,94,54,3,1,Scheduling_appt,1.078,0.3519,2.322669,12,8,5,8,19,2,0.415,-0.1699,-0.848,-0.1699,1.078,-2.1699
an order,NP,4,3,8,2,Scheduling_appt,2.585,1.0,0.0,0,0,0,0,3,0,,,,,2.585,
Person2,NP,8,5,7,1,Scheduling_appt,1.263,0.4,1.921928,1,0,1,1,2,0,0.263,,0.263,0.263,1.263,
to have,VP,2,2,7,2,General_information,1.585,0.5,1.0,0,0,0,1,1,0,,,,1.585,1.585,
his port,NP,1,1,8,2,Scheduling_appt,2.585,1.0,0.0,0,0,0,0,1,0,,,,,2.585,
flushed,VP,1,1,7,1,Scheduling_appt,2.585,1.0,0.0,0,0,0,0,1,0,,,,,2.585,
for the middle,PP,1,1,14,3,Scheduling_appt,2.585,1.0,0.0,0,0,0,0,1,0,,,,,2.585,
So,ADVP,2,1,2,1,Scheduling_appt,2.585,1.0,0.0,0,0,0,0,1,0,,,,,2.585,
no need,NP,1,1,7,2,Scheduling_appt,2.585,1.0,0.0,0,0,0,0,1,0,,,,,2.585,
to schedule,VP,17,9,11,2,Scheduling_appt,2.585,1.0,0.0,0,0,0,0,9,0,,,,,2.585,
anything,NP,6,3,8,1,General_information,1.0,0.3333,1.584963,0,0,0,1,1,1,,,,1.0,1.0,1.0
besides the call,PP,2,1,16,3,Scheduling_appt,2.585,1.0,0.0,0,0,0,0,1,0,,,,,2.585,
the call,NP,2,1,8,2,Scheduling_appt,2.585,1.0,0.0,0,0,0,0,1,0,,,,,2.585,
with Dr Person2,PP,4,2,15,3,Scheduling_appt,2.585,1.0,0.0,0,0,0,0,2,0,,,,,2.585,
Dr Person2,NP,11,6,10,2,Care_Coordination,1.585,0.5,1.459148,3,0,0,1,2,0,1.585,,,0.0,1.0,
Thank,VP,1,1,5,1,Scheduling_appt,2.585,1.0,0.0,0,0,0,0,1,0,,,,,2.585,
for your help,PP,1,1,13,3,Scheduling_appt,2.585,1.0,0.0,0,0,0,0,1,0,,,,,2.585,
your help,NP,1,1,9,2,Scheduling_appt,2.585,1.0,0.0,0,0,0,0,1,0,,,,,2.585,
So no need,NP,1,1,10,3,Scheduling_appt,2.585,1.0,0.0,0,0,0,0,1,0,,,,,2.585,
I,NP,275,147,1,1,Care_Coordination,0.1926,0.1905,2.579037,28,24,23,26,25,21,0.1926,-0.0297,-0.0911,0.0857,0.0291,-0.2224
doing,VP,5,3,5,1,General_information,2.0,0.6667,0.918296,0,0,0,2,0,1,,,,2.0,,1.0
Currently,ADVP,2,1,9,1,Scheduling_appt,2.585,1.0,0.0,0,0,0,0,1,0,,,,,2.585,
my lab work,NP,2,1,11,3,Scheduling_appt,2.585,1.0,0.0,0,0,0,0,1,0,,,,,2.585,
is,VP,84,46,2,1,Symptoms,0.6464,0.2609,2.529438,6,6,7,6,9,12,-0.3536,-0.3536,-0.1312,-0.3536,0.2313,0.6464
scheduled,VP,13,9,9,1,Scheduling_appt,2.415,0.8889,0.503258,1,0,0,0,8,0,-0.585,,,,2.415,
to be done,VP,2,1,10,3,Scheduling_appt,2.585,1.0,0.0,0,0,0,0,1,0,,,,,2.585,
be,VP,8,4,2,1,Diagnostics,0.585,0.25,2.0,0,1,1,1,1,0,,0.585,0.585,0.585,0.585,
on MM/DD/YYYY,PP,28,19,13,2,Scheduling_appt,1.337,0.4211,2.018216,5,3,2,1,8,0,0.659,-0.078,-0.663,-1.663,1.337,
see,VP,9,8,3,1,Scheduling_appt,1.585,0.5,1.75,1,1,2,0,4,0,-0.415,-0.415,0.585,,1.585,
diarrhea,NP,4,2,8,1,Symptoms,2.585,1.0,0.0,0,0,0,0,0,2,,,,,,2.585
was throwing,VP,1,1,12,2,Symptoms,2.585,1.0,0.0,0,0,0,0,0,1,,,,,,2.585
i,NP,9,7,1,1,General_information,1.3626,0.4286,1.842371,0,1,0,3,2,1,,-0.2224,,1.3626,0.7776,-0.2224
got,VP,7,4,3,1,Care_Coordination,0.585,0.25,2.0,1,0,0,1,1,1,0.585,,,0.585,0.585,0.585
was throwing up,VP,1,1,15,3,Symptoms,2.585,1.0,0.0,0,0,0,0,0,1,,,,,,2.585
is he taking,VP,4,2,12,3,Drugs,2.585,1.0,0.0,0,0,2,0,0,0,,,2.585,,,
he,NP,16,10,2,1,Drugs,1.263,0.4,1.846439,2,0,4,3,0,1,0.263,,1.263,0.848,,-0.737
the Eliquis,NP,2,1,11,2,Drugs,2.585,1.0,0.0,0,0,1,0,0,0,,,2.585,,,
referral,NP,2,1,8,1,Care_Coordination,2.585,1.0,0.0,1,0,0,0,0,0,2.585,,,,,
in,ADVP,1,1,2,1,Care_Coordination,2.585,1.0,0.0,1,0,0,0,0,0,2.585,,,,,
Are you feeling,VP,2,1,15,3,Symptoms,2.585,1.0,0.0,0,0,0,0,0,1,,,,,,2.585
take,VP,5,3,4,1,Drugs,2.0,0.6667,0.918296,1,0,2,0,0,0,1.0,,2.0,,,
Tums,NP,2,1,4,1,Drugs,2.585,1.0,0.0,0,0,1,0,0,0,,,2.585,,,
sometimes,ADVP,4,3,9,1,Diagnostics,1.0,0.3333,1.584963,0,1,1,0,0,1,,1.0,1.0,,,1.0
going,VP,4,2,5,1,Drugs,1.585,0.5,1.0,0,0,1,0,0,1,,,1.585,,,1.585
to clean,VP,2,1,8,2,Drugs,2.585,1.0,0.0,0,0,1,0,0,0,,,2.585,,,
it,NP,64,39,2,1,Drugs,0.2996,0.2051,2.538751,6,5,8,8,4,8,-0.1155,-0.3785,0.2996,0.2996,-0.7004,0.2996
with peroxide,PP,2,1,13,2,Drugs,2.585,1.0,0.0,0,0,1,0,0,0,,,2.585,,,
peroxide,NP,2,1,8,1,Drugs,2.585,1.0,0.0,0,0,1,0,0,0,,,2.585,,,
what,NP,7,5,4,1,Drugs,1.263,0.4,1.921928,1,1,2,0,0,1,0.263,0.263,1.263,,,0.263
happens,VP,4,3,7,1,Symptoms,2.0,0.6667,0.918296,0,0,1,0,0,2,,,1.0,,,2.0
Have you checked,VP,2,1,16,3,Care_Coordination,2.585,1.0,0.0,1,0,0,0,0,0,2.585,,,,,
with your cardiologist,PP,2,1,22,3,Care_Coordination,2.585,1.0,0.0,1,0,0,0,0,0,2.585,,,,,
your cardiologist,NP,2,1,17,2,Care_Coordination,2.585,1.0,0.0,1,0,0,0,0,0,2.585,,,,,
your ankle,NP,2,1,10,2,Care_Coordination,2.585,1.0,0.0,1,0,0,0,0,0,2.585,,,,,
swelling,VP,6,2,8,1,Care_Coordination,1.585,0.5,1.0,1,0,0,0,0,1,1.585,,,,,1.585
Does Dr. Person3 want,VP,2,1,21,4,Drugs,2.585,1.0,0.0,0,0,1,0,0,0,,,2.585,,,
Dr. Person3,NP,9,5,11,2,Care_Coordination,2.263,0.8,0.721928,4,0,1,0,0,0,2.263,,0.263,,,
Person1,NP,14,10,7,1,Care_Coordination,0.848,0.3,1.970951,3,0,2,3,0,2,0.848,,0.263,0.848,,0.263
to continue,VP,4,2,11,2,Drugs,2.585,1.0,0.0,0,0,2,0,0,0,,,2.585,,,
Someone,NP,2,1,7,1,Scheduling_appt,2.585,1.0,0.0,0,0,0,0,1,0,,,,,2.585,
should call,VP,2,1,11,2,Scheduling_appt,2.585,1.0,0.0,0,0,0,0,1,0,,,,,2.585,
typically,ADVP,2,1,9,1,Symptoms,2.585,1.0,0.0,0,0,0,0,0,1,,,,,,2.585
the answer,NP,2,1,10,2,Symptoms,2.585,1.0,0.0,0,0,0,0,0,1,,,,,,2.585
has been,VP,10,6,8,2,Diagnostics,1.585,0.5,1.0,0,3,0,0,0,3,,1.585,,,,1.585
Will that be covered,VP,2,1,20,4,Diagnostics,2.585,1.0,0.0,0,1,0,0,0,0,,2.585,,,,
that,NP,23,16,4,1,Drugs,0.9069,0.3125,2.352217,1,3,5,4,2,1,-1.415,0.1699,0.9069,0.585,-0.415,-1.415
Dr.  Person1,NP,1,1,12,2,Diagnostics,2.585,1.0,0.0,0,1,0,0,0,0,,2.585,,,,
calls,VP,1,1,5,1,Diagnostics,2.585,1.0,0.0,0,1,0,0,0,0,,2.585,,,,
me,NP,38,24,2,1,Care_Coordination,0.3219,0.2083,2.554585,5,5,3,4,4,3,0.3219,0.3219,-0.415,0.0,0.0,-0.415
to discuss,VP,1,1,10,2,Diagnostics,2.585,1.0,0.0,0,1,0,0,0,0,,2.585,,,,
the test results,NP,1,1,16,3,Diagnostics,2.585,1.0,0.0,0,1,0,0,0,0,,2.585,,,,
a very good marker,NP,3,2,18,4,Diagnostics,2.585,1.0,0.0,0,2,0,0,0,0,,2.585,,,,
very,ADVP,8,5,4,1,Symptoms,1.848,0.6,0.970951,0,2,0,0,0,3,,1.263,,,,1.848
for you,PP,5,4,7,2,Diagnostics,1.585,0.5,1.0,0,2,0,0,2,0,,1.585,,,1.585,
agree,VP,6,5,5,1,Diagnostics,2.263,0.8,0.721928,1,4,0,0,0,0,0.263,2.263,,,,
the CA27.29,NP,7,4,11,2,Diagnostics,2.585,1.0,0.0,0,4,0,0,0,0,,2.585,,,,
will get,VP,2,1,8,2,Scheduling_appt,2.585,1.0,0.0,0,0,0,0,1,0,,,,,2.585,
the flu shot,NP,2,1,12,3,Scheduling_appt,2.585,1.0,0.0,0,0,0,0,1,0,,,,,2.585,
come,VP,4,2,4,1,Scheduling_appt,2.585,1.0,0.0,0,0,0,0,2,0,,,,,2.585,
can assist,VP,3,2,10,2,General_information,2.585,1.0,0.0,0,0,0,2,0,0,,,,2.585,,
any appointments,NP,2,1,16,2,Scheduling_appt,2.585,1.0,0.0,0,0,0,0,1,0,,,,,2.585,
reminders,NP,2,1,9,1,Scheduling_appt,2.585,1.0,0.0,0,0,0,0,1,0,,,,,2.585,
did not receive,VP,1,1,15,3,Scheduling_appt,2.585,1.0,0.0,0,0,0,0,1,0,,,,,2.585,
care,NP,2,1,4,1,Drugs,2.585,1.0,0.0,0,0,1,0,0,0,,,2.585,,,
of these prescriptions,PP,2,1,22,3,Drugs,2.585,1.0,0.0,0,0,1,0,0,0,,,2.585,,,
these prescriptions,NP,2,1,19,2,Drugs,2.585,1.0,0.0,0,0,1,0,0,0,,,2.585,,,
now,ADVP,14,9,3,1,Symptoms,1.415,0.4444,2.058814,1,2,1,0,1,4,-0.585,0.415,-0.585,,-0.585,1.415
we,NP,23,13,2,1,Scheduling_appt,1.4695,0.4615,1.987773,1,3,1,2,6,0,-1.1155,0.4695,-1.1155,-0.1155,1.4695,
too,ADVP,3,2,3,1,General_information,1.585,0.5,1.0,0,0,0,1,0,1,,,,1.585,,1.585
are following,VP,2,1,13,2,General_information,2.585,1.0,0.0,0,0,0,1,0,0,,,,2.585,,
the CDC guidelines,NP,2,1,18,3,General_information,2.585,1.0,0.0,0,0,0,1,0,0,,,,2.585,,
at this time,PP,2,1,12,3,General_information,2.585,1.0,0.0,0,0,0,1,0,0,,,,2.585,,
this time,NP,2,1,9,2,General_information,2.585,1.0,0.0,0,0,0,1,0,0,,,,2.585,,
Best,ADVP,1,1,4,1,General_information,2.585,1.0,0.0,0,0,0,1,0,0,,,,2.585,,
of right leg,PP,2,1,12,3,Symptoms,2.585,1.0,0.0,0,0,0,0,0,1,,,,,,2.585
right leg,NP,2,1,9,2,Symptoms,2.585,1.0,0.0,0,0,0,0,0,1,,,,,,2.585
persists,VP,2,1,8,1,Symptoms,2.585,1.0,0.0,0,0,0,0,0,1,,,,,,2.585
Sig,NP,2,1,3,1,Symptoms,2.585,1.0,0.0,0,0,0,0,0,1,,,,,,2.585
improving,VP,1,1,9,1,Symptoms,2.585,1.0,0.0,0,0,0,0,0,1,,,,,,2.585
slightly,ADVP,1,1,8,1,Symptoms,2.585,1.0,0.0,0,0,0,0,0,1,,,,,,2.585
Bactrim,NP,2,1,7,1,Drugs,2.585,1.0,0.0,0,0,1,0,0,0,,,2.585,,,
given,VP,4,2,5,1,Drugs,1.585,0.5,1.0,0,0,1,1,0,0,,,1.585,1.585,,
to prevent,VP,2,1,10,2,Drugs,2.585,1.0,0.0,0,0,1,0,0,0,,,2.585,,,
this,NP,23,14,4,1,Symptoms,0.7776,0.2857,2.46772,1,2,3,2,2,4,-1.2224,-0.2224,0.3626,-0.2224,-0.2224,0.7776
has done,VP,2,1,8,2,Symptoms,2.585,1.0,0.0,0,0,0,0,0,1,,,,,,2.585
well managing pain,NP,2,1,18,3,Symptoms,2.585,1.0,0.0,0,0,0,0,0,1,,,,,,2.585
managing,VP,2,1,8,1,Symptoms,2.585,1.0,0.0,0,0,0,0,0,1,,,,,,2.585
eliminating,VP,1,1,11,1,Symptoms,2.585,1.0,0.0,0,0,0,0,0,1,,,,,,2.585
well,ADVP,15,8,4,1,Care_Coordination,1.585,0.5,1.75,4,0,1,2,0,1,1.585,,-0.415,0.585,,-0.415
Usually,ADVP,2,1,7,1,Drugs,2.585,1.0,0.0,0,0,1,0,0,0,,,2.585,,,
takes,VP,6,4,5,1,Diagnostics,0.585,0.25,2.0,0,1,1,1,1,0,,0.585,0.585,0.585,0.585,
the pharmacy MM/DD/YYYY,NP,2,1,23,3,Drugs,2.585,1.0,0.0,0,0,1,0,0,0,,,2.585,,,
to call,VP,5,3,7,2,Care_Coordination,2.0,0.6667,0.918296,2,0,1,0,0,0,2.0,,1.0,,,
regarding,VP,2,1,9,1,Drugs,2.585,1.0,0.0,0,0,1,0,0,0,,,2.585,,,
regarding delivery,PP,2,1,18,2,Drugs,2.585,1.0,0.0,0,0,1,0,0,0,,,2.585,,,
delivery,NP,2,1,8,1,Drugs,2.585,1.0,0.0,0,0,1,0,0,0,,,2.585,,,
of my meds,PP,2,1,10,3,Drugs,2.585,1.0,0.0,0,0,1,0,0,0,,,2.585,,,
my meds,NP,2,1,7,2,Drugs,2.585,1.0,0.0,0,0,1,0,0,0,,,2.585,,,
's,VP,8,6,2,1,Diagnostics,1.0,0.3333,1.918296,0,2,1,2,0,1,,1.0,0.0,1.0,,0.0
obviously,ADVP,2,1,9,1,General_information,2.585,1.0,0.0,0,0,0,1,0,0,,,,2.585,,
depends,VP,1,1,7,1,General_information,2.585,1.0,0.0,0,0,0,1,0,0,,,,2.585,,
on pandemic,PP,1,1,11,2,General_information,2.585,1.0,0.0,0,0,0,1,0,0,,,,2.585,,
sent,VP,12,6,4,1,Care_Coordination,2.3219,0.8333,0.650022,5,1,0,0,0,0,2.3219,0.0,,,,
your message,NP,8,4,12,2,Care_Coordination,2.585,1.0,0.0,4,0,0,0,0,0,2.585,,,,,
Dr. Person2,NP,13,8,11,2,Care_Coordination,2.3923,0.875,0.543564,7,0,0,0,0,1,2.3923,,,,,-0.415
to ask,VP,10,6,6,2,Care_Coordination,1.0,0.3333,1.918296,2,0,0,2,1,1,1.0,,,1.0,0.0,0.0
her,NP,6,4,3,1,Care_Coordination,1.585,0.5,1.5,2,0,0,1,1,0,1.585,,,0.585,0.585,
None,NP,1,1,4,1,Scheduling_appt,2.585,1.0,0.0,0,0,0,0,1,0,,,,,2.585,
an oversight,NP,2,1,12,2,Scheduling_appt,2.585,1.0,0.0,0,0,0,0,1,0,,,,,2.585,
planned,VP,2,1,7,1,Scheduling_appt,2.585,1.0,0.0,0,0,0,0,1,0,,,,,2.585,
wanted,VP,5,3,6,1,Symptoms,2.0,0.6667,0.918296,0,1,0,0,0,2,,1.0,,,,2.0
to go,VP,5,3,5,2,Drugs,2.0,0.6667,0.918296,0,0,2,0,0,1,,,2.0,,,1.0
to a walk-in,PP,2,1,12,3,Symptoms,2.585,1.0,0.0,0,0,0,0,0,1,,,,,,2.585
a walk-in,NP,2,1,9,2,Symptoms,2.585,1.0,0.0,0,0,0,0,0,1,,,,,,2.585
my left ear,NP,2,1,11,3,Symptoms,2.585,1.0,0.0,0,0,0,0,0,1,,,,,,2.585
feels,VP,3,2,5,1,Symptoms,2.585,1.0,0.0,0,0,0,0,0,2,,,,,,2.585
infected,VP,2,1,8,1,Symptoms,2.585,1.0,0.0,0,0,0,0,0,1,,,,,,2.585
inflamed,VP,1,1,8,1,Symptoms,2.585,1.0,0.0,0,0,0,0,0,1,,,,,,2.585
also,ADVP,23,11,4,1,Care_Coordination,1.1255,0.3636,1.823068,4,0,2,0,1,4,1.1255,,0.1255,,-0.8745,1.1255
was,VP,34,18,3,1,Care_Coordination,1.585,0.5,1.876358,9,4,1,3,0,1,1.585,0.415,-1.585,0.0,,-1.585
prescribed,VP,2,1,10,1,Drugs,2.585,1.0,0.0,0,0,1,0,0,0,,,2.585,,,
prescribed steriods,NP,2,1,19,2,Drugs,2.585,1.0,0.0,0,0,1,0,0,0,,,2.585,,,
for the asthma,PP,2,1,14,3,Drugs,2.585,1.0,0.0,0,0,1,0,0,0,,,2.585,,,
the asthma,NP,2,1,10,2,Drugs,2.585,1.0,0.0,0,0,1,0,0,0,,,2.585,,,
645 south main st  LOCATION,NP,2,1,27,5,General_information,2.585,1.0,0.0,0,0,0,1,0,0,,,,2.585,,
ct MM/DD/YYYYPh,NP,1,1,15,2,General_information,2.585,1.0,0.0,0,0,0,1,0,0,,,,2.585,,
-XXX-XXXX,NP,1,1,9,1,General_information,2.585,1.0,0.0,0,0,0,1,0,0,,,,2.585,,
XXX,NP,1,1,3,1,General_information,2.585,1.0,0.0,0,0,0,1,0,0,,,,2.585,,
Adjudication office,NP,1,1,19,2,General_information,2.585,1.0,0.0,0,0,0,1,0,0,,,,2.585,,
put,VP,4,2,3,1,Care_Coordination,1.585,0.5,1.0,1,0,0,0,1,0,1.585,,,,1.585,
a referral,NP,8,4,10,2,Care_Coordination,2.585,1.0,0.0,4,0,0,0,0,0,2.585,,,,,
didn't see,VP,1,1,10,2,Care_Coordination,2.585,1.0,0.0,1,0,0,0,0,0,2.585,,,,,
has not helped,VP,2,1,14,3,Drugs,2.585,1.0,0.0,0,0,1,0,0,0,,,2.585,,,
Your Hemoglobin,NP,2,1,15,2,Diagnostics,2.585,1.0,0.0,0,1,0,0,0,0,,2.585,,,,
platelets,NP,2,1,9,1,Diagnostics,2.585,1.0,0.0,0,1,0,0,0,0,,2.585,,,,
are,VP,14,8,3,1,Care_Coordination,1.585,0.5,2.0,4,1,0,1,1,1,1.585,-0.415,,-0.415,-0.415,-0.415
remain,VP,2,1,6,1,Symptoms,2.585,1.0,0.0,0,0,0,0,0,1,,,,,,2.585
will have,VP,3,2,9,2,Care_Coordination,1.585,0.5,1.0,1,0,0,0,1,0,1.585,,,,1.585,
our scheduling team,NP,2,1,19,3,Care_Coordination,2.585,1.0,0.0,1,0,0,0,0,0,2.585,,,,,
look,VP,2,1,4,1,Care_Coordination,2.585,1.0,0.0,1,0,0,0,0,0,2.585,,,,,
We,NP,8,4,2,1,Scheduling_appt,1.585,0.5,1.5,0,1,0,1,2,0,,0.585,,0.585,1.585,
do not have,VP,2,1,11,3,Diagnostics,2.585,1.0,0.0,0,1,0,0,0,0,,2.585,,,,
a comparison,NP,2,1,12,2,Diagnostics,2.585,1.0,0.0,0,1,0,0,0,0,,2.585,,,,
for the CEA,PP,2,1,11,3,Diagnostics,2.585,1.0,0.0,0,1,0,0,0,0,,2.585,,,,
the CEA,NP,6,3,7,2,Diagnostics,2.585,1.0,0.0,0,3,0,0,0,0,,2.585,,,,
Dr  Person1,NP,8,4,11,2,Care_Coordination,2.1699,0.75,0.811278,3,0,0,0,1,0,2.1699,,,,0.585,
will also give,VP,1,1,14,3,Care_Coordination,2.585,1.0,0.0,1,0,0,0,0,0,2.585,,,,,
Dr. Person1 Dr. Person2 cell  phone,NP,2,1,35,6,Care_Coordination,2.585,1.0,0.0,1,0,0,0,0,0,2.585,,,,,
they,NP,15,9,4,1,Diagnostics,1.415,0.4444,1.752715,1,4,0,3,0,1,-0.585,1.415,,1.0,,-0.585
can touch,VP,1,1,9,2,Care_Coordination,2.585,1.0,0.0,1,0,0,0,0,0,2.585,,,,,
give,VP,1,1,4,1,Care_Coordination,2.585,1.0,0.0,1,0,0,0,0,0,2.585,,,,,
had,VP,14,8,3,1,Diagnostics,1.1699,0.375,1.811278,1,3,3,0,0,1,-0.415,1.1699,1.1699,,,-0.415
in MM/DD/YYYY,PP,6,3,13,2,Diagnostics,1.0,0.3333,1.584963,0,1,1,0,1,0,,1.0,1.0,,1.0,
am going,VP,2,1,8,2,Drugs,2.585,1.0,0.0,0,0,1,0,0,0,,,2.585,,,
to need,VP,2,1,7,2,Drugs,2.585,1.0,0.0,0,0,1,0,0,0,,,2.585,,,
refills,NP,2,1,7,1,Drugs,2.585,1.0,0.0,0,0,1,0,0,0,,,2.585,,,
on my Ibrance,PP,2,1,13,3,Drugs,2.585,1.0,0.0,0,0,1,0,0,0,,,2.585,,,
my Ibrance,NP,2,1,10,2,Drugs,2.585,1.0,0.0,0,0,1,0,0,0,,,2.585,,,
Do you want,VP,2,1,11,3,Scheduling_appt,2.585,1.0,0.0,0,0,0,0,1,0,,,,,2.585,
to get,VP,13,7,6,2,Scheduling_appt,1.3626,0.4286,1.842371,2,0,1,0,3,1,0.7776,,-0.2224,,1.3626,-0.2224
your office,NP,3,2,11,2,Diagnostics,1.585,0.5,1.0,0,1,0,1,0,0,,1.585,,1.585,,
will send,VP,1,1,9,2,Diagnostics,2.585,1.0,0.0,0,1,0,0,0,0,,2.585,,,,
CT scan,NP,2,1,7,2,Diagnostics,2.585,1.0,0.0,0,1,0,0,0,0,,2.585,,,,
report,VP,2,1,6,1,Diagnostics,2.585,1.0,0.0,0,1,0,0,0,0,,2.585,,,,
send,VP,1,1,4,1,Diagnostics,2.585,1.0,0.0,0,1,0,0,0,0,,2.585,,,,
Hi Paperwork,NP,1,1,12,2,Care_Coordination,2.585,1.0,0.0,1,0,0,0,0,0,2.585,,,,,
completed,VP,2,1,9,1,Care_Coordination,2.585,1.0,0.0,1,0,0,0,0,0,2.585,,,,,
Paperwork,NP,1,1,9,1,Care_Coordination,2.585,1.0,0.0,1,0,0,0,0,0,2.585,,,,,
awaiting,VP,1,1,8,1,Care_Coordination,2.585,1.0,0.0,1,0,0,0,0,0,2.585,,,,,
Dr. Person1's signature,NP,1,1,23,3,Care_Coordination,2.585,1.0,0.0,1,0,0,0,0,0,2.585,,,,,
He,NP,15,8,2,1,Care_Coordination,1.585,0.5,1.75,4,0,0,2,1,1,1.585,,,0.585,-0.415,-0.415
said,VP,5,3,4,1,Care_Coordination,2.0,0.6667,0.918296,2,0,0,0,0,1,2.0,,,,,1.0
on the list,PP,2,2,11,3,Care_Coordination,2.585,1.0,0.0,2,0,0,0,0,0,2.585,,,,,
the list,NP,3,2,8,2,Care_Coordination,2.585,1.0,0.0,2,0,0,0,0,0,2.585,,,,,
Is,VP,10,5,2,1,Diagnostics,1.263,0.4,1.921928,0,2,1,1,1,0,,1.263,0.263,0.263,0.263,
my psa,NP,4,2,6,2,Diagnostics,2.585,1.0,0.0,0,2,0,0,0,0,,2.585,,,,
do,VP,2,2,2,1,Diagnostics,1.585,0.5,1.0,0,1,0,1,0,0,,1.585,,1.585,,
Re Oxy 15mg rapid release,PP,1,1,25,5,Care_Coordination,2.585,1.0,0.0,1,0,0,0,0,0,2.585,,,,,
Oxy 15mg rapid release,NP,1,1,22,4,Care_Coordination,2.585,1.0,0.0,1,0,0,0,0,0,2.585,,,,,
per Dr. Person2's desire,PP,2,1,24,4,Care_Coordination,2.585,1.0,0.0,1,0,0,0,0,0,2.585,,,,,
Dr. Person2's desire,NP,2,1,20,3,Care_Coordination,2.585,1.0,0.0,1,0,0,0,0,0,2.585,,,,,
Dr. B,NP,7,4,5,2,Drugs,1.585,0.5,1.5,1,0,2,0,1,0,0.585,,1.585,,0.585,
Person3,NP,6,3,7,1,Drugs,2.0,0.6667,0.918296,1,0,2,0,0,0,1.0,,2.0,,,
off Oxy ext release,PP,1,1,19,4,Care_Coordination,2.585,1.0,0.0,1,0,0,0,0,0,2.585,,,,,
Oxy ext release,NP,1,1,15,3,Care_Coordination,2.585,1.0,0.0,1,0,0,0,0,0,2.585,,,,,
It,NP,25,13,2,1,Symptoms,1.2065,0.3846,2.03816,1,1,4,2,0,5,-1.1155,-1.1155,0.8845,-0.1155,,1.2065
still,ADVP,14,8,5,1,Diagnostics,1.1699,0.375,1.811278,0,3,0,1,1,3,,1.1699,,-0.415,-0.415,1.1699
in that one area,PP,2,1,16,4,General_information,2.585,1.0,0.0,0,0,0,1,0,0,,,,2.585,,
that one area,NP,2,1,13,3,General_information,2.585,1.0,0.0,0,0,0,1,0,0,,,,2.585,,
on the left,PP,2,1,11,3,General_information,2.585,1.0,0.0,0,0,0,1,0,0,,,,2.585,,
the left,NP,1,1,8,2,General_information,2.585,1.0,0.0,0,0,0,1,0,0,,,,2.585,,
Can I expect,VP,2,1,12,3,General_information,2.585,1.0,0.0,0,0,0,1,0,0,,,,2.585,,
to see,VP,17,10,6,2,Diagnostics,0.848,0.3,2.246439,2,3,1,2,2,0,0.263,0.848,-0.737,0.263,0.263,
them,NP,13,8,4,1,Diagnostics,0.585,0.25,2.25,1,2,0,2,2,1,-0.415,0.585,,0.585,0.585,-0.415
on my Person2 app,PP,2,1,17,4,General_information,2.585,1.0,0.0,0,0,0,1,0,0,,,,2.585,,
my Person2 app,NP,2,1,14,3,General_information,2.585,1.0,0.0,0,0,0,1,0,0,,,,2.585,,
Spoke,VP,2,1,5,1,General_information,2.585,1.0,0.0,0,0,0,1,0,0,,,,2.585,,
with his office,PP,2,1,15,3,General_information,2.585,1.0,0.0,0,0,0,1,0,0,,,,2.585,,
his office,NP,2,1,10,2,General_information,2.585,1.0,0.0,0,0,0,1,0,0,,,,2.585,,
knew,VP,2,1,4,1,General_information,2.585,1.0,0.0,0,0,0,1,0,0,,,,2.585,,
nothing,NP,6,4,7,1,Drugs,1.585,0.5,1.0,0,0,2,2,0,0,,,1.585,1.585,,
about it,PP,1,1,8,2,General_information,2.585,1.0,0.0,0,0,0,1,0,0,,,,2.585,,
this round,NP,2,1,10,2,Drugs,2.585,1.0,0.0,0,0,1,0,0,0,,,2.585,,,
of Ibrance,PP,4,2,10,2,Drugs,2.585,1.0,0.0,0,0,2,0,0,0,,,2.585,,,
Ibrance,NP,6,3,7,1,Drugs,2.585,1.0,0.0,0,0,3,0,0,0,,,2.585,,,
just,ADVP,29,17,4,1,Diagnostics,0.4975,0.2353,2.469241,3,4,2,3,4,1,0.0825,0.4975,-0.5025,0.0825,0.4975,-1.5025
checking,VP,5,3,8,1,Diagnostics,2.0,0.6667,0.918296,0,2,1,0,0,0,,2.0,1.0,,,
You,NP,2,1,3,1,Scheduling_appt,2.585,1.0,0.0,0,0,0,0,1,0,,,,,2.585,
should be hearing,VP,2,1,17,3,Scheduling_appt,2.585,1.0,0.0,0,0,0,0,1,0,,,,,2.585,
from the secretary,PP,2,1,18,3,Scheduling_appt,2.585,1.0,0.0,0,0,0,0,1,0,,,,,2.585,
the secretary,NP,2,1,13,2,Scheduling_appt,2.585,1.0,0.0,0,0,0,0,1,0,,,,,2.585,
with an  appointment,PP,2,1,20,3,Scheduling_appt,2.585,1.0,0.0,0,0,0,0,1,0,,,,,2.585,
an  appointment,NP,2,1,15,2,Scheduling_appt,2.585,1.0,0.0,0,0,0,0,1,0,,,,,2.585,
Dr  Person2,NP,6,4,11,2,Scheduling_appt,1.585,0.5,1.5,1,0,0,1,2,0,0.585,,,0.585,1.585,
was checking,VP,2,1,12,2,General_information,2.585,1.0,0.0,0,0,0,1,0,0,,,,2.585,,
on the whooping cough,PP,2,1,21,4,General_information,2.585,1.0,0.0,0,0,0,1,0,0,,,,2.585,,
the whooping cough,NP,2,1,18,3,General_information,2.585,1.0,0.0,0,0,0,1,0,0,,,,2.585,,
whooping,VP,2,1,8,1,General_information,2.585,1.0,0.0,0,0,0,1,0,0,,,,2.585,,
with my WBC,PP,1,1,11,3,General_information,2.585,1.0,0.0,0,0,0,1,0,0,,,,2.585,,
my WBC,NP,3,3,6,2,Diagnostics,2.0,0.6667,0.918296,0,2,0,1,0,0,,2.0,,1.0,,
Hi Person1 report,NP,1,1,17,3,Care_Coordination,2.585,1.0,0.0,1,0,0,0,0,0,2.585,,,,,
from MM/DD/YYYY,PP,2,1,15,2,Care_Coordination,2.585,1.0,0.0,1,0,0,0,0,0,2.585,,,,,
faxed,VP,6,3,5,1,Care_Coordination,2.585,1.0,0.0,3,0,0,0,0,0,2.585,,,,,
to Dr  Person2 office Person6 Person3 RN,PP,1,1,40,7,Care_Coordination,2.585,1.0,0.0,1,0,0,0,0,0,2.585,,,,,
Dr  Person2 office Person6 Person3 RN,NP,1,1,37,6,Care_Coordination,2.585,1.0,0.0,1,0,0,0,0,0,2.585,,,,,
report,NP,1,1,6,1,Care_Coordination,2.585,1.0,0.0,1,0,0,0,0,0,2.585,,,,,
to Dr  Person2 office,PP,1,1,21,4,Care_Coordination,2.585,1.0,0.0,1,0,0,0,0,0,2.585,,,,,
Dr  Person2 office,NP,1,1,18,3,Care_Coordination,2.585,1.0,0.0,1,0,0,0,0,0,2.585,,,,,
received,VP,3,2,8,1,Diagnostics,1.585,0.5,1.0,0,1,0,1,0,0,,1.585,,1.585,,
my CT chest evaluation,NP,2,1,22,4,Diagnostics,2.585,1.0,0.0,0,1,0,0,0,0,,2.585,,,,
to lowest usage Oxy,PP,2,1,19,4,Drugs,2.585,1.0,0.0,0,0,1,0,0,0,,,2.585,,,
lowest usage Oxy,NP,2,1,16,3,Drugs,2.585,1.0,0.0,0,0,1,0,0,0,,,2.585,,,
dealing,VP,2,1,7,1,Drugs,2.585,1.0,0.0,0,0,1,0,0,0,,,2.585,,,
w break,NP,2,1,7,2,Drugs,2.585,1.0,0.0,0,0,1,0,0,0,,,2.585,,,
through pain,PP,2,1,12,2,Drugs,2.585,1.0,0.0,0,0,1,0,0,0,,,2.585,,,
pain,NP,5,3,4,1,Symptoms,2.0,0.6667,0.918296,0,0,1,0,0,2,,,1.0,,,2.0
work down,VP,1,1,9,2,Drugs,2.585,1.0,0.0,0,0,1,0,0,0,,,2.585,,,
Have not had,VP,2,1,12,3,Symptoms,2.585,1.0,0.0,0,0,0,0,0,1,,,,,,2.585
a fever,NP,2,1,7,2,Symptoms,2.585,1.0,0.0,0,0,0,0,0,1,,,,,,2.585
since MM/DD/YYYY evening,PP,1,1,24,3,Symptoms,2.585,1.0,0.0,0,0,0,0,0,1,,,,,,2.585
MM/DD/YYYY evening,NP,1,1,18,2,Symptoms,2.585,1.0,0.0,0,0,0,0,0,1,,,,,,2.585
seems,VP,5,3,5,1,Symptoms,2.0,0.6667,0.918296,1,0,0,0,0,2,1.0,,,,,2.0
my,NP,2,1,2,1,Care_Coordination,2.585,1.0,0.0,1,0,0,0,0,0,2.585,,,,,
follow up,VP,3,2,9,2,Care_Coordination,2.585,1.0,0.0,2,0,0,0,0,0,2.585,,,,,
with Dr. Person2,PP,6,4,16,3,Care_Coordination,2.585,1.0,0.0,4,0,0,0,0,0,2.585,,,,,
did not get scheduled,VP,2,1,21,4,Care_Coordination,2.585,1.0,0.0,1,0,0,0,0,0,2.585,,,,,
get,VP,5,4,3,1,Care_Coordination,2.1699,0.75,0.811278,3,0,0,0,1,0,2.1699,,,,0.585,
for tomorrow,PP,1,1,12,2,Care_Coordination,2.585,1.0,0.0,1,0,0,0,0,0,2.585,,,,,
tomorrow,NP,1,1,8,1,Care_Coordination,2.585,1.0,0.0,1,0,0,0,0,0,2.585,,,,,
told,VP,4,3,4,1,Care_Coordination,1.0,0.3333,1.584963,1,1,0,0,0,1,1.0,1.0,,,,1.0
mentioned,VP,2,1,9,1,Diagnostics,2.585,1.0,0.0,0,1,0,0,0,0,,2.585,,,,
the CT chest results,NP,2,1,20,4,Diagnostics,2.585,1.0,0.0,0,1,0,0,0,0,,2.585,,,,
would be,VP,4,2,8,2,Diagnostics,1.585,0.5,1.0,0,1,0,0,0,1,,1.585,,,,1.585
in another report,PP,1,1,17,3,Diagnostics,2.585,1.0,0.0,0,1,0,0,0,0,,2.585,,,,
another report,NP,1,1,14,2,Diagnostics,2.585,1.0,0.0,0,1,0,0,0,0,,2.585,,,,
Her email address,NP,2,1,17,3,Care_Coordination,2.585,1.0,0.0,1,0,0,0,0,0,2.585,,,,,
just under 20 ml,NP,2,1,16,4,Symptoms,2.585,1.0,0.0,0,0,0,0,0,1,,,,,,2.585
in the past 24 hour,PP,2,1,19,5,Symptoms,2.585,1.0,0.0,0,0,0,0,0,1,,,,,,2.585
the past 24 hour,NP,2,1,16,4,Symptoms,2.585,1.0,0.0,0,0,0,0,0,1,,,,,,2.585
18 ml,NP,2,1,5,2,Symptoms,2.585,1.0,0.0,0,0,0,0,0,1,,,,,,2.585
Those results,NP,2,1,13,2,Diagnostics,2.585,1.0,0.0,0,1,0,0,0,0,,2.585,,,,
came in,VP,4,2,7,2,Diagnostics,2.585,1.0,0.0,0,2,0,0,0,0,,2.585,,,,
the message,NP,3,2,11,2,Care_Coordination,1.585,0.5,1.0,1,1,0,0,0,0,1.585,1.585,,,,
the doctor,NP,1,1,10,2,Diagnostics,2.585,1.0,0.0,0,1,0,0,0,0,,2.585,,,,
would advise,VP,2,1,12,2,Care_Coordination,2.585,1.0,0.0,1,0,0,0,0,0,2.585,,,,,
the third shot,NP,2,1,14,3,Care_Coordination,2.585,1.0,0.0,1,0,0,0,0,0,2.585,,,,,
would like,VP,6,3,10,2,Scheduling_appt,2.0,0.6667,0.918296,0,0,1,0,2,0,,,1.0,,2.0,
a virtual call,NP,4,2,14,3,Scheduling_appt,2.585,1.0,0.0,0,0,0,0,2,0,,,,,2.585,
with you,PP,4,2,8,2,Care_Coordination,1.585,0.5,1.0,1,0,0,0,1,0,1.585,,,,1.585,
to-discuss,VP,2,1,10,1,Scheduling_appt,2.585,1.0,0.0,0,0,0,0,1,0,,,,,2.585,
next steps,NP,5,3,10,2,Care_Coordination,2.0,0.6667,0.918296,2,0,0,0,1,0,2.0,,,,1.0,
a prescription,NP,2,1,14,2,Drugs,2.585,1.0,0.0,0,0,1,0,0,0,,,2.585,,,
for Ativan,PP,2,1,10,2,Drugs,2.585,1.0,0.0,0,0,1,0,0,0,,,2.585,,,
Ativan,NP,2,1,6,1,Drugs,2.585,1.0,0.0,0,0,1,0,0,0,,,2.585,,,
have,VP,20,13,4,1,Diagnostics,0.8845,0.3077,2.411602,2,4,2,1,1,3,-0.1155,0.8845,-0.1155,-1.1155,-1.1155,0.4695
Did you receive,VP,2,1,15,3,Diagnostics,2.585,1.0,0.0,0,1,0,0,0,0,,2.585,,,,
in My Chart,PP,2,1,11,3,Diagnostics,2.585,1.0,0.0,0,1,0,0,0,0,,2.585,,,,
My Chart,NP,3,2,8,2,Diagnostics,2.585,1.0,0.0,0,2,0,0,0,0,,2.585,,,,
were going,VP,2,1,10,2,Diagnostics,2.585,1.0,0.0,0,1,0,0,0,0,,2.585,,,,
to do,VP,2,1,5,2,Diagnostics,2.585,1.0,0.0,0,1,0,0,0,0,,2.585,,,,
all,NP,2,1,3,1,Diagnostics,2.585,1.0,0.0,0,1,0,0,0,0,,2.585,,,,
of the blood test,PP,2,1,17,4,Diagnostics,2.585,1.0,0.0,0,1,0,0,0,0,,2.585,,,,
the blood test,NP,2,1,14,3,Diagnostics,2.585,1.0,0.0,0,1,0,0,0,0,,2.585,,,,
had put,VP,1,1,7,2,Diagnostics,2.585,1.0,0.0,0,1,0,0,0,0,,2.585,,,,
to DR  Person2,PP,2,1,14,3,Care_Coordination,2.585,1.0,0.0,1,0,0,0,0,0,2.585,,,,,
DR  Person2,NP,2,1,11,2,Care_Coordination,2.585,1.0,0.0,1,0,0,0,0,0,2.585,,,,,
will let,VP,1,1,8,2,Care_Coordination,2.585,1.0,0.0,1,0,0,0,0,0,2.585,,,,,
Sony,NP,2,1,4,1,General_information,2.585,1.0,0.0,0,0,0,1,0,0,,,,2.585,,
know,VP,6,4,4,1,Care_Coordination,0.585,0.25,2.0,1,1,0,1,1,0,0.585,0.585,,0.585,0.585,
has received,VP,2,1,12,2,General_information,2.585,1.0,0.0,0,0,0,1,0,0,,,,2.585,,
am,VP,5,3,2,1,Symptoms,2.0,0.6667,0.918296,1,0,0,0,0,2,1.0,,,,,2.0
on the lookout,PP,2,1,14,3,Care_Coordination,2.585,1.0,0.0,1,0,0,0,0,0,2.585,,,,,
the lookout,NP,2,1,11,2,Care_Coordination,2.585,1.0,0.0,1,0,0,0,0,0,2.585,,,,,
for the permission / patient approval document,PP,2,1,46,7,Care_Coordination,2.585,1.0,0.0,1,0,0,0,0,0,2.585,,,,,
the permission / patient approval document,NP,2,1,42,6,Care_Coordination,2.585,1.0,0.0,1,0,0,0,0,0,2.585,,,,,
is being sent,VP,1,1,13,3,Care_Coordination,2.585,1.0,0.0,1,0,0,0,0,0,2.585,,,,,
being,VP,2,2,5,1,Care_Coordination,1.585,0.5,1.0,1,0,1,0,0,0,1.585,,1.585,,,
This,NP,8,4,4,1,Symptoms,2.1699,0.75,0.811278,0,0,0,1,0,3,,,,0.585,,2.1699
My stomach,NP,4,2,10,2,Symptoms,2.585,1.0,0.0,0,0,0,0,0,2,,,,,,2.585
a mass,NP,4,2,6,2,Symptoms,2.585,1.0,0.0,0,0,0,0,0,2,,,,,,2.585
of hematoma,PP,4,2,11,2,Symptoms,2.585,1.0,0.0,0,0,0,0,0,2,,,,,,2.585
hematoma,NP,4,2,8,1,Symptoms,2.585,1.0,0.0,0,0,0,0,0,2,,,,,,2.585
as a result,PP,4,2,11,3,Symptoms,2.585,1.0,0.0,0,0,0,0,0,2,,,,,,2.585
a result,NP,6,3,8,2,Symptoms,2.0,0.6667,0.918296,0,1,0,0,0,2,,1.0,,,,2.0
of the self injecting,PP,3,2,21,4,Symptoms,2.585,1.0,0.0,0,0,0,0,0,2,,,,,,2.585
injecting,VP,4,2,9,1,Symptoms,2.585,1.0,0.0,0,0,0,0,0,2,,,,,,2.585
the self,NP,1,1,8,2,Symptoms,2.585,1.0,0.0,0,0,0,0,0,1,,,,,,2.585
combine,VP,2,1,7,1,General_information,2.585,1.0,0.0,0,0,0,1,0,0,,,,2.585,,
visits,NP,2,1,6,1,General_information,2.585,1.0,0.0,0,0,0,1,0,0,,,,2.585,,
with Costco adventures,PP,2,1,22,3,General_information,2.585,1.0,0.0,0,0,0,1,0,0,,,,2.585,,
Costco adventures,NP,2,1,17,2,General_information,2.585,1.0,0.0,0,0,0,1,0,0,,,,2.585,,
Here,ADVP,2,1,4,1,General_information,2.585,1.0,0.0,0,0,0,1,0,0,,,,2.585,,
the fax number,NP,2,1,14,3,General_information,2.585,1.0,0.0,0,0,0,1,0,0,,,,2.585,,
forgot,VP,3,2,6,1,General_information,2.585,1.0,0.0,0,0,0,2,0,0,,,,2.585,,
met,VP,2,1,3,1,General_information,2.585,1.0,0.0,0,0,0,1,0,0,,,,2.585,,
with surgeon,PP,1,1,12,2,General_information,2.585,1.0,0.0,0,0,0,1,0,0,,,,2.585,,
surgeon,NP,1,1,7,1,General_information,2.585,1.0,0.0,0,0,0,1,0,0,,,,2.585,,
rec'd,VP,3,2,5,1,Diagnostics,1.585,0.5,1.0,0,1,0,1,0,0,,1.585,,1.585,,
a notice MM/DD/YYYY,NP,2,1,19,3,General_information,2.585,1.0,0.0,0,0,0,1,0,0,,,,2.585,,
(MM/DD/YYYY,NP,1,1,11,1,General_information,2.585,1.0,0.0,0,0,0,1,0,0,,,,2.585,,
The other name,NP,2,1,14,3,Drugs,2.585,1.0,0.0,0,0,1,0,0,0,,,2.585,,,
for it,PP,4,2,6,2,Drugs,1.585,0.5,1.0,0,0,1,0,0,1,,,1.585,,,1.585
Lorazepam,NP,2,1,9,1,Drugs,2.585,1.0,0.0,0,0,1,0,0,0,,,2.585,,,
Result,VP,2,1,6,1,Diagnostics,2.585,1.0,0.0,0,1,0,0,0,0,,2.585,,,,
back,ADVP,7,4,4,1,Care_Coordination,1.585,0.5,1.0,2,2,0,0,0,0,1.585,1.585,,,,
yet,ADVP,7,4,3,1,Diagnostics,2.1699,0.75,0.811278,1,3,0,0,0,0,0.585,2.1699,,,,
Also,ADVP,7,5,4,1,Diagnostics,1.263,0.4,1.921928,0,2,1,1,0,1,,1.263,0.263,0.263,,0.263
call,VP,5,3,4,1,Scheduling_appt,2.0,0.6667,0.918296,0,1,0,0,2,0,,1.0,,,2.0,
down,ADVP,2,2,4,1,Diagnostics,1.585,0.5,1.0,0,1,0,1,0,0,,1.585,,1.585,,
didn notice,NP,1,1,11,2,General_information,2.585,1.0,0.0,0,0,0,1,0,0,,,,2.585,,
did cut,VP,1,1,7,2,General_information,2.585,1.0,0.0,0,0,0,1,0,0,,,,2.585,,
ago,ADVP,1,1,3,1,General_information,2.585,1.0,0.0,0,0,0,1,0,0,,,,2.585,,
didn,NP,1,1,4,1,General_information,2.585,1.0,0.0,0,0,0,1,0,0,,,,2.585,,
notice,VP,1,1,6,1,General_information,2.585,1.0,0.0,0,0,0,1,0,0,,,,2.585,,
any cut,NP,1,1,7,2,General_information,2.585,1.0,0.0,0,0,0,1,0,0,,,,2.585,,
will they remove,VP,2,1,16,3,General_information,2.585,1.0,0.0,0,0,0,1,0,0,,,,2.585,,
my port,NP,4,2,7,2,Care_Coordination,1.585,0.5,1.0,1,0,0,1,0,0,1.585,,,1.585,,
as,ADVP,14,7,2,1,Care_Coordination,1.7776,0.5714,0.985228,4,0,0,3,0,0,1.7776,,,1.3626,,
during my surgery,PP,1,1,17,3,General_information,2.585,1.0,0.0,0,0,0,1,0,0,,,,2.585,,
my surgery,NP,1,1,10,2,General_information,2.585,1.0,0.0,0,0,0,1,0,0,,,,2.585,,
At this point,PP,2,1,13,3,Scheduling_appt,2.585,1.0,0.0,0,0,0,0,1,0,,,,,2.585,
this point,NP,2,1,10,2,Scheduling_appt,2.585,1.0,0.0,0,0,0,0,1,0,,,,,2.585,
of time,PP,2,1,7,2,Scheduling_appt,2.585,1.0,0.0,0,0,0,0,1,0,,,,,2.585,
time,NP,4,2,4,1,Scheduling_appt,2.585,1.0,0.0,0,0,0,0,2,0,,,,,2.585,
can I please ask,VP,2,1,16,4,Scheduling_appt,2.585,1.0,0.0,0,0,0,0,1,0,,,,,2.585,
to set up,VP,2,1,9,3,Scheduling_appt,2.585,1.0,0.0,0,0,0,0,1,0,,,,,2.585,
with Dr  Person2,PP,2,1,16,3,Scheduling_appt,2.585,1.0,0.0,0,0,0,0,1,0,,,,,2.585,
want,VP,5,4,4,1,General_information,1.585,0.5,1.5,1,0,0,2,1,0,0.585,,,1.585,0.585,
would you like,VP,3,2,14,3,Scheduling_appt,2.585,1.0,0.0,0,0,0,0,2,0,,,,,2.585,
our Clinical Secretary,NP,5,3,22,3,Scheduling_appt,2.585,1.0,0.0,0,0,0,0,3,0,,,,,2.585,
Have,VP,2,1,4,1,Drugs,2.585,1.0,0.0,0,0,1,0,0,0,,,2.585,,,
one tablet,NP,4,2,10,2,Drugs,2.585,1.0,0.0,0,0,2,0,0,0,,,2.585,,,
to take,VP,3,2,7,2,Drugs,1.585,0.5,1.0,0,0,1,0,1,0,,,1.585,,1.585,
after that,PP,1,1,10,2,Drugs,2.585,1.0,0.0,0,0,1,0,0,0,,,2.585,,,
continue,VP,4,2,8,1,Drugs,1.585,0.5,1.0,0,0,1,1,0,0,,,1.585,1.585,,
to monitor,VP,2,1,10,2,General_information,2.585,1.0,0.0,0,0,0,1,0,0,,,,2.585,,
The situation,NP,2,1,13,2,General_information,2.585,1.0,0.0,0,0,0,1,0,0,,,,2.585,,
so,ADVP,6,4,2,1,Diagnostics,1.585,0.5,1.5,0,2,0,1,1,0,,1.585,,0.585,0.585,
can ask,VP,2,1,7,2,Scheduling_appt,2.585,1.0,0.0,0,0,0,0,1,0,,,,,2.585,
my Primary,NP,2,1,10,2,Scheduling_appt,2.585,1.0,0.0,0,0,0,0,1,0,,,,,2.585,
can get,VP,7,4,7,2,Drugs,1.585,0.5,1.0,0,0,2,0,2,0,,,1.585,,1.585,
vomit,VP,2,1,5,1,Symptoms,2.585,1.0,0.0,0,0,0,0,0,1,,,,,,2.585
at times,PP,4,2,8,2,Symptoms,2.585,1.0,0.0,0,0,0,0,0,2,,,,,,2.585
times,NP,4,2,5,1,Symptoms,2.585,1.0,0.0,0,0,0,0,0,2,,,,,,2.585
same day delivery,NP,2,1,17,3,General_information,2.585,1.0,0.0,0,0,0,1,0,0,,,,2.585,,
needed,VP,2,1,6,1,General_information,2.585,1.0,0.0,0,0,0,1,0,0,,,,2.585,,
can do,VP,2,2,6,2,Drugs,1.585,0.5,1.0,0,0,1,1,0,0,,,1.585,1.585,,
They,NP,4,2,4,1,Care_Coordination,1.585,0.5,1.0,1,0,0,0,0,1,1.585,,,,,1.585
may be,VP,2,1,6,2,Symptoms,2.585,1.0,0.0,0,0,0,0,0,1,,,,,,2.585
muscle spasms,NP,1,1,13,2,Symptoms,2.585,1.0,0.0,0,0,0,0,0,1,,,,,,2.585
recommends,VP,2,1,10,1,Drugs,2.585,1.0,0.0,0,0,1,0,0,0,,,2.585,,,
Metamucil,NP,2,1,9,1,Drugs,2.585,1.0,0.0,0,0,1,0,0,0,,,2.585,,,
Orders,NP,2,1,6,1,Diagnostics,2.585,1.0,0.0,0,1,0,0,0,0,,2.585,,,,
have been entered,VP,2,1,17,3,Diagnostics,2.585,1.0,0.0,0,1,0,0,0,0,,2.585,,,,
been,VP,4,2,4,1,Diagnostics,2.585,1.0,0.0,0,2,0,0,0,0,,2.585,,,,
into the Epic system,PP,2,1,20,4,Diagnostics,2.585,1.0,0.0,0,1,0,0,0,0,,2.585,,,,
the Epic system,NP,2,1,15,3,Diagnostics,2.585,1.0,0.0,0,1,0,0,0,0,,2.585,,,,
for lab work,PP,2,1,12,3,Diagnostics,2.585,1.0,0.0,0,1,0,0,0,0,,2.585,,,,
lab work,NP,2,1,8,2,Diagnostics,2.585,1.0,0.0,0,1,0,0,0,0,,2.585,,,,
do I begin,VP,2,1,10,3,Drugs,2.585,1.0,0.0,0,0,1,0,0,0,,,2.585,,,
again,ADVP,4,2,5,1,Care_Coordination,1.585,0.5,1.0,1,0,1,0,0,0,1.585,,1.585,,,
elevated,VP,5,3,8,1,Diagnostics,2.0,0.6667,0.918296,0,2,1,0,0,0,,2.0,1.0,,,
Have you tried,VP,2,1,14,3,Symptoms,2.585,1.0,0.0,0,0,0,0,0,1,,,,,,2.585
Have you been doing,VP,2,1,19,4,General_information,2.585,1.0,0.0,0,0,0,1,0,0,,,,2.585,,
the nail soaks,NP,2,1,14,3,General_information,2.585,1.0,0.0,0,0,0,1,0,0,,,,2.585,,
then,ADVP,3,2,4,1,Care_Coordination,2.585,1.0,0.0,2,0,0,0,0,0,2.585,,,,,
will decide,VP,2,1,11,2,Care_Coordination,2.585,1.0,0.0,1,0,0,0,0,0,2.585,,,,,
will be,VP,5,3,7,2,Scheduling_appt,2.0,0.6667,0.918296,1,0,0,0,2,0,1.0,,,,2.0,
a throwup bug,NP,2,1,13,3,Symptoms,2.585,1.0,0.0,0,0,0,0,0,1,,,,,,2.585
through my family,PP,2,1,17,3,Symptoms,2.585,1.0,0.0,0,0,0,0,0,1,,,,,,2.585
my family,NP,2,1,9,2,Symptoms,2.585,1.0,0.0,0,0,0,0,0,1,,,,,,2.585
works,VP,4,2,5,1,Drugs,1.585,0.5,1.0,0,0,1,0,1,0,,,1.585,,1.585,
than the Oxycodone,PP,2,1,18,3,Drugs,2.585,1.0,0.0,0,0,1,0,0,0,,,2.585,,,
the Oxycodone,NP,2,1,13,2,Drugs,2.585,1.0,0.0,0,0,1,0,0,0,,,2.585,,,
does not remove,VP,2,1,15,3,General_information,2.585,1.0,0.0,0,0,0,1,0,0,,,,2.585,,
ports,NP,3,2,5,1,Care_Coordination,1.585,0.5,1.0,1,0,0,1,0,0,1.585,,,1.585,,
the vaccine,NP,1,1,11,2,Drugs,2.585,1.0,0.0,0,0,1,0,0,0,,,2.585,,,
The coughing,NP,2,1,12,2,Symptoms,2.585,1.0,0.0,0,0,0,0,0,1,,,,,,2.585
is subsiding,VP,2,1,12,2,Symptoms,2.585,1.0,0.0,0,0,0,0,0,1,,,,,,2.585
an appt,NP,7,4,7,2,Scheduling_appt,2.1699,0.75,0.811278,1,0,0,0,3,0,0.585,,,,2.1699,
in radiation,PP,2,1,12,2,Scheduling_appt,2.585,1.0,0.0,0,0,0,0,1,0,,,,,2.585,
radiation,NP,4,2,9,1,Scheduling_appt,1.585,0.5,1.0,0,0,0,0,1,1,,,,,1.585,1.585
wait,VP,2,1,4,1,Scheduling_appt,2.585,1.0,0.0,0,0,0,0,1,0,,,,,2.585,
after that appt,PP,2,1,15,3,Scheduling_appt,2.585,1.0,0.0,0,0,0,0,1,0,,,,,2.585,
that appt,NP,2,1,9,2,Scheduling_appt,2.585,1.0,0.0,0,0,0,0,1,0,,,,,2.585,
to  make,VP,2,1,8,2,Scheduling_appt,2.585,1.0,0.0,0,0,0,0,1,0,,,,,2.585,
Their number,NP,4,2,12,2,General_information,2.585,1.0,0.0,0,0,0,2,0,0,,,,2.585,,
XXX-XXX-XXXX,NP,7,4,12,1,General_information,1.585,0.5,1.0,0,0,0,2,2,0,,,,1.585,1.585,
will put,VP,2,1,8,2,Care_Coordination,2.585,1.0,0.0,1,0,0,0,0,0,2.585,,,,,
an occuloplastic surgeon,NP,1,1,24,3,Care_Coordination,2.585,1.0,0.0,1,0,0,0,0,0,2.585,,,,,
can give,VP,2,1,8,2,Scheduling_appt,2.585,1.0,0.0,0,0,0,0,1,0,,,,,2.585,
a flu vaccine,NP,2,1,13,3,Scheduling_appt,2.585,1.0,0.0,0,0,0,0,1,0,,,,,2.585,
concerning,VP,2,1,10,1,Care_Coordination,2.585,1.0,0.0,1,0,0,0,0,0,2.585,,,,,
concerning the removal,PP,2,1,22,3,Care_Coordination,2.585,1.0,0.0,1,0,0,0,0,0,2.585,,,,,
the removal,NP,2,1,11,2,Care_Coordination,2.585,1.0,0.0,1,0,0,0,0,0,2.585,,,,,
of my port,PP,2,1,10,3,Care_Coordination,2.585,1.0,0.0,1,0,0,0,0,0,2.585,,,,,
his nurse,NP,2,1,9,2,Care_Coordination,2.585,1.0,0.0,1,0,0,0,0,0,2.585,,,,,
reached out,VP,1,1,11,2,Care_Coordination,2.585,1.0,0.0,1,0,0,0,0,0,2.585,,,,,
to dr,VP,1,1,5,2,Care_Coordination,2.585,1.0,0.0,1,0,0,0,0,0,2.585,,,,,
my chart,NP,1,1,8,2,Care_Coordination,2.585,1.0,0.0,1,0,0,0,0,0,2.585,,,,,
stating,VP,1,1,7,1,Care_Coordination,2.585,1.0,0.0,1,0,0,0,0,0,2.585,,,,,
doesn,VP,1,1,5,1,Care_Coordination,2.585,1.0,0.0,1,0,0,0,0,0,2.585,,,,,
remove,VP,1,1,6,1,Care_Coordination,2.585,1.0,0.0,1,0,0,0,0,0,2.585,,,,,
'll check in,VP,2,1,12,3,Care_Coordination,2.585,1.0,0.0,1,0,0,0,0,0,2.585,,,,,
getting,VP,8,4,7,1,Diagnostics,1.585,0.5,1.5,1,2,0,1,0,0,0.585,1.585,,0.585,,
removed,VP,2,1,7,1,Care_Coordination,2.585,1.0,0.0,1,0,0,0,0,0,2.585,,,,,
may become,VP,2,1,10,2,Symptoms,2.585,1.0,0.0,0,0,0,0,0,1,,,,,,2.585
has started,VP,2,1,11,2,Symptoms,2.585,1.0,0.0,0,0,0,0,0,1,,,,,,2.585
Appetite,NP,1,1,8,1,Symptoms,2.585,1.0,0.0,0,0,0,0,0,1,,,,,,2.585
a bit,NP,1,1,5,2,Symptoms,2.585,1.0,0.0,0,0,0,0,0,1,,,,,,2.585
of a struggle,PP,1,1,13,3,Symptoms,2.585,1.0,0.0,0,0,0,0,0,1,,,,,,2.585
a struggle,NP,1,1,10,2,Symptoms,2.585,1.0,0.0,0,0,0,0,0,1,,,,,,2.585
expected,VP,1,1,8,1,Symptoms,2.585,1.0,0.0,0,0,0,0,0,1,,,,,,2.585
him,NP,7,5,3,1,Care_Coordination,2.263,0.8,0.721928,4,0,0,0,1,0,2.263,,,,0.263,
"down the ""combo",PP,2,1,15,3,Scheduling_appt,2.585,1.0,0.0,0,0,0,0,1,0,,,,,2.585,
at 530,PP,1,1,6,2,Scheduling_appt,2.585,1.0,0.0,0,0,0,0,1,0,,,,,2.585,
"the ""combo",NP,1,1,10,2,Scheduling_appt,2.585,1.0,0.0,0,0,0,0,1,0,,,,,2.585,
my MZL doctor,NP,2,1,13,3,Scheduling_appt,2.585,1.0,0.0,0,0,0,0,1,0,,,,,2.585,
in LOCATION,PP,3,2,11,2,General_information,1.585,0.5,1.0,0,0,0,1,1,0,,,,1.585,1.585,
LOCATION,NP,5,3,8,1,General_information,2.0,0.6667,0.918296,0,0,0,2,1,0,,,,2.0,1.0,
am seeing,VP,2,2,9,2,Care_Coordination,1.585,0.5,1.0,1,0,0,0,1,0,1.585,,,,1.585,
Dr. Person1,NP,11,6,11,2,Care_Coordination,1.585,0.5,1.792481,3,0,1,1,1,0,1.585,,0.0,0.0,0.0,
in the office MM/DD/YYYY,PP,2,1,24,4,Scheduling_appt,2.585,1.0,0.0,0,0,0,0,1,0,,,,,2.585,
the office MM/DD/YYYY,NP,2,1,21,3,Scheduling_appt,2.585,1.0,0.0,0,0,0,0,1,0,,,,,2.585,
in shape,PP,2,1,8,2,Symptoms,2.585,1.0,0.0,0,0,0,0,0,1,,,,,,2.585
shape,NP,2,1,5,1,Symptoms,2.585,1.0,0.0,0,0,0,0,0,1,,,,,,2.585
a review,NP,2,1,8,2,Care_Coordination,2.585,1.0,0.0,1,0,0,0,0,0,2.585,,,,,
with Dr  Person1,PP,4,2,16,3,Care_Coordination,2.585,1.0,0.0,2,0,0,0,0,0,2.585,,,,,
re next steps,PP,2,1,13,3,Care_Coordination,2.585,1.0,0.0,1,0,0,0,0,0,2.585,,,,,
to give,VP,2,1,7,2,Care_Coordination,2.585,1.0,0.0,1,0,0,0,0,0,2.585,,,,,
this message,NP,2,1,12,2,Care_Coordination,2.585,1.0,0.0,1,0,0,0,0,0,2.585,,,,,
asked,VP,4,3,5,1,Care_Coordination,2.0,0.6667,0.918296,2,0,0,1,0,0,2.0,,,1.0,,
office,NP,2,1,6,1,Scheduling_appt,2.585,1.0,0.0,0,0,0,0,1,0,,,,,2.585,
with appt,PP,2,1,9,2,Scheduling_appt,2.585,1.0,0.0,0,0,0,0,1,0,,,,,2.585,
appt,NP,2,1,4,1,Scheduling_appt,2.585,1.0,0.0,0,0,0,0,1,0,,,,,2.585,
my PSA,NP,7,4,6,2,Diagnostics,2.585,1.0,0.0,0,4,0,0,0,0,,2.585,,,,
in MM/DD/YYYY blood,PP,3,2,19,3,Diagnostics,2.585,1.0,0.0,0,2,0,0,0,0,,2.585,,,,
MM/DD/YYYY blood,NP,3,2,16,2,Diagnostics,2.585,1.0,0.0,0,2,0,0,0,0,,2.585,,,,
draw,VP,5,3,4,1,Diagnostics,2.585,1.0,0.0,0,3,0,0,0,0,,2.585,,,,
was wondering,VP,8,5,13,2,Diagnostics,1.848,0.6,0.970951,0,3,2,0,0,0,,1.848,1.263,,,
had measured,VP,3,2,12,2,Diagnostics,2.585,1.0,0.0,0,2,0,0,0,0,,2.585,,,,
would need,VP,2,1,10,2,Care_Coordination,2.585,1.0,0.0,1,0,0,0,0,0,2.585,,,,,
to follow up,VP,2,1,12,3,Care_Coordination,2.585,1.0,0.0,1,0,0,0,0,0,2.585,,,,,
do not see,VP,3,2,10,3,Care_Coordination,1.585,0.5,1.0,1,0,1,0,0,0,1.585,,1.585,,,
with Dr. Person2 office,PP,1,1,23,4,Care_Coordination,2.585,1.0,0.0,1,0,0,0,0,0,2.585,,,,,
Dr. Person2 office,NP,1,1,18,3,Care_Coordination,2.585,1.0,0.0,1,0,0,0,0,0,2.585,,,,,
following,VP,4,2,9,1,Care_Coordination,1.585,0.5,1.0,1,0,1,0,0,0,1.585,,1.585,,,
my pain,NP,2,1,7,2,Symptoms,2.585,1.0,0.0,0,0,0,0,0,1,,,,,,2.585
has increased,VP,2,1,13,2,Symptoms,2.585,1.0,0.0,0,0,0,0,0,1,,,,,,2.585
in the past couple,PP,2,1,18,4,Symptoms,2.585,1.0,0.0,0,0,0,0,0,1,,,,,,2.585
the past couple,NP,2,1,15,3,Symptoms,2.585,1.0,0.0,0,0,0,0,0,1,,,,,,2.585
of days,PP,2,1,7,2,Symptoms,2.585,1.0,0.0,0,0,0,0,0,1,,,,,,2.585
days,NP,2,1,4,1,Symptoms,2.585,1.0,0.0,0,0,0,0,0,1,,,,,,2.585
to be happening,VP,1,1,15,3,Symptoms,2.585,1.0,0.0,0,0,0,0,0,1,,,,,,2.585
my blood,NP,1,1,8,2,Symptoms,2.585,1.0,0.0,0,0,0,0,0,1,,,,,,2.585
A test result,NP,2,1,13,3,Diagnostics,2.585,1.0,0.0,0,1,0,0,0,0,,2.585,,,,
for CEA,PP,2,1,7,2,Diagnostics,2.585,1.0,0.0,0,1,0,0,0,0,,2.585,,,,
CEA,NP,2,1,3,1,Diagnostics,2.585,1.0,0.0,0,1,0,0,0,0,,2.585,,,,
don't know,VP,2,1,10,2,Diagnostics,2.585,1.0,0.0,0,1,0,0,0,0,,2.585,,,,
My left hip,NP,1,1,11,3,Symptoms,2.585,1.0,0.0,0,0,0,0,0,1,,,,,,2.585
tail,NP,1,1,4,1,Symptoms,2.585,1.0,0.0,0,0,0,0,0,1,,,,,,2.585
My left hip and tail bone,NP,1,1,25,6,Symptoms,2.585,1.0,0.0,0,0,0,0,0,1,,,,,,2.585
are hurting,VP,1,1,11,2,Symptoms,2.585,1.0,0.0,0,0,0,0,0,1,,,,,,2.585
my next visit,NP,3,2,13,3,General_information,2.585,1.0,0.0,0,0,0,2,0,0,,,,2.585,,
to Org3,PP,3,2,7,2,General_information,2.585,1.0,0.0,0,0,0,2,0,0,,,,2.585,,
traveling immediately following,VP,3,2,31,3,General_information,2.585,1.0,0.0,0,0,0,2,0,0,,,,2.585,,
immediately,ADVP,3,2,11,1,General_information,2.585,1.0,0.0,0,0,0,2,0,0,,,,2.585,,
Dr Person1,NP,4,2,10,2,Care_Coordination,1.585,0.5,1.0,1,1,0,0,0,0,1.585,1.585,,,,
talk,VP,2,1,4,1,Diagnostics,2.585,1.0,0.0,0,1,0,0,0,0,,2.585,,,,
about the blood density test,PP,2,1,28,5,Diagnostics,2.585,1.0,0.0,0,1,0,0,0,0,,2.585,,,,
the blood density test,NP,2,1,22,4,Diagnostics,2.585,1.0,0.0,0,1,0,0,0,0,,2.585,,,,
Are,VP,2,1,3,1,Drugs,2.585,1.0,0.0,0,0,1,0,0,0,,,2.585,,,
any suggestions,NP,2,1,15,2,Drugs,2.585,1.0,0.0,0,0,1,0,0,0,,,2.585,,,
can take,VP,2,1,8,2,Drugs,2.585,1.0,0.0,0,0,1,0,0,0,,,2.585,,,
cannot confirm,VP,3,2,14,2,General_information,2.585,1.0,0.0,0,0,0,2,0,0,,,,2.585,,
the exact time,NP,3,2,14,3,General_information,2.585,1.0,0.0,0,0,0,2,0,0,,,,2.585,,
trying,VP,2,1,6,1,General_information,2.585,1.0,0.0,0,0,0,1,0,0,,,,2.585,,
to plan,VP,2,1,7,2,General_information,2.585,1.0,0.0,0,0,0,1,0,0,,,,2.585,,
a visit,NP,2,1,7,2,General_information,2.585,1.0,0.0,0,0,0,1,0,0,,,,2.585,,
to LOCATION,PP,2,1,11,2,General_information,2.585,1.0,0.0,0,0,0,1,0,0,,,,2.585,,
for a month,PP,2,1,11,3,General_information,2.585,1.0,0.0,0,0,0,1,0,0,,,,2.585,,
a month,NP,2,1,7,2,General_information,2.585,1.0,0.0,0,0,0,1,0,0,,,,2.585,,
soon,ADVP,4,2,4,1,Care_Coordination,1.585,0.5,1.0,1,0,0,1,0,0,1.585,,,1.585,,
the treatment,NP,2,1,13,2,General_information,2.585,1.0,0.0,0,0,0,1,0,0,,,,2.585,,
has ended,VP,2,1,9,2,General_information,2.585,1.0,0.0,0,0,0,1,0,0,,,,2.585,,
is happening,VP,2,1,12,2,Symptoms,2.585,1.0,0.0,0,0,0,0,0,1,,,,,,2.585
off,ADVP,2,1,3,1,Symptoms,2.585,1.0,0.0,0,0,0,0,0,1,,,,,,2.585
my MM/DD/YYYY bloodwork,NP,2,1,23,3,Diagnostics,2.585,1.0,0.0,0,1,0,0,0,0,,2.585,,,,
done,VP,8,4,4,1,Diagnostics,2.585,1.0,0.0,0,4,0,0,0,0,,2.585,,,,
Patients,NP,2,1,8,1,Drugs,2.585,1.0,0.0,0,0,1,0,0,0,,,2.585,,,
on PI3 kinase inhibitors,PP,2,1,24,4,Drugs,2.585,1.0,0.0,0,0,1,0,0,0,,,2.585,,,
PI3 kinase inhibitors,NP,2,1,21,3,Drugs,2.585,1.0,0.0,0,0,1,0,0,0,,,2.585,,,
like Person2,PP,2,1,12,2,Drugs,2.585,1.0,0.0,0,0,1,0,0,0,,,2.585,,,
a type,NP,2,1,6,2,Drugs,2.585,1.0,0.0,0,0,1,0,0,0,,,2.585,,,
of pneumonia,PP,2,1,12,2,Drugs,2.585,1.0,0.0,0,0,1,0,0,0,,,2.585,,,
pneumonia,NP,2,1,9,1,Drugs,2.585,1.0,0.0,0,0,1,0,0,0,,,2.585,,,
called,VP,4,2,6,1,Care_Coordination,1.585,0.5,1.0,1,0,1,0,0,0,1.585,,1.585,,,
PCP pneumonia,NP,2,1,13,2,Drugs,2.585,1.0,0.0,0,0,1,0,0,0,,,2.585,,,
From MM/DD/YYYY,PP,2,2,15,2,Diagnostics,2.585,1.0,0.0,0,2,0,0,0,0,,2.585,,,,
saw,VP,3,2,3,1,Care_Coordination,1.585,0.5,1.0,1,1,0,0,0,0,1.585,1.585,,,,
the results,NP,4,2,11,2,Diagnostics,2.585,1.0,0.0,0,2,0,0,0,0,,2.585,,,,
of the CT abdomen,PP,2,1,17,4,Diagnostics,2.585,1.0,0.0,0,1,0,0,0,0,,2.585,,,,
abdomen,VP,1,1,7,1,Diagnostics,2.585,1.0,0.0,0,1,0,0,0,0,,2.585,,,,
pelvis test,NP,2,1,11,2,Diagnostics,2.585,1.0,0.0,0,1,0,0,0,0,,2.585,,,,
the CT abdomen,NP,1,1,14,3,Diagnostics,2.585,1.0,0.0,0,1,0,0,0,0,,2.585,,,,
2 years,NP,1,1,7,2,Symptoms,2.585,1.0,0.0,0,0,0,0,0,1,,,,,,2.585
since my neck surgery,PP,1,1,21,4,Symptoms,2.585,1.0,0.0,0,0,0,0,0,1,,,,,,2.585
my neck surgery,NP,1,1,15,3,Symptoms,2.585,1.0,0.0,0,0,0,0,0,1,,,,,,2.585
am still having,VP,2,1,15,3,Symptoms,2.585,1.0,0.0,0,0,0,0,0,1,,,,,,2.585
issues,NP,2,1,6,1,Symptoms,2.585,1.0,0.0,0,0,0,0,0,1,,,,,,2.585
with my eyelid drooping,PP,2,1,23,4,Symptoms,2.585,1.0,0.0,0,0,0,0,0,1,,,,,,2.585
my eyelid drooping,NP,2,1,18,3,Symptoms,2.585,1.0,0.0,0,0,0,0,0,1,,,,,,2.585
the pupil,NP,2,1,9,2,Symptoms,2.585,1.0,0.0,0,0,0,0,0,1,,,,,,2.585
dilating,VP,2,1,8,1,Symptoms,2.585,1.0,0.0,0,0,0,0,0,1,,,,,,2.585
had ordered,VP,4,2,11,2,Diagnostics,2.585,1.0,0.0,0,2,0,0,0,0,,2.585,,,,
both tumor markers,NP,4,2,18,3,Diagnostics,2.585,1.0,0.0,0,2,0,0,0,0,,2.585,,,,
The good doctor,NP,2,1,15,3,General_information,2.585,1.0,0.0,0,0,0,1,0,0,,,,2.585,,
swamped,VP,2,1,7,1,General_information,2.585,1.0,0.0,0,0,0,1,0,0,,,,2.585,,
in a emails,PP,2,1,11,3,General_information,2.585,1.0,0.0,0,0,0,1,0,0,,,,2.585,,
a emails,NP,2,1,8,2,General_information,2.585,1.0,0.0,0,0,0,1,0,0,,,,2.585,,
she,NP,7,5,3,1,General_information,1.263,0.4,1.521928,1,0,0,2,2,0,0.263,,,1.263,1.263,
wants,VP,2,1,5,1,General_information,2.585,1.0,0.0,0,0,0,1,0,0,,,,2.585,,
to make,VP,1,1,7,2,General_information,2.585,1.0,0.0,0,0,0,1,0,0,,,,2.585,,
sees,VP,1,1,4,1,General_information,2.585,1.0,0.0,0,0,0,1,0,0,,,,2.585,,
because of the taxol,PP,2,1,20,4,Drugs,2.585,1.0,0.0,0,0,1,0,0,0,,,2.585,,,
the taxol,NP,2,1,9,2,Drugs,2.585,1.0,0.0,0,0,1,0,0,0,,,2.585,,,
our office,NP,2,1,10,2,Scheduling_appt,2.585,1.0,0.0,0,0,0,0,1,0,,,,,2.585,
at XXX-XXX-XXXX,PP,4,2,15,2,Scheduling_appt,2.585,1.0,0.0,0,0,0,0,2,0,,,,,2.585,
these appts,NP,1,1,11,2,Scheduling_appt,2.585,1.0,0.0,0,0,0,0,1,0,,,,,2.585,
At our last appointment,PP,4,2,23,4,Diagnostics,2.585,1.0,0.0,0,2,0,0,0,0,,2.585,,,,
our last appointment,NP,4,2,20,3,Diagnostics,2.585,1.0,0.0,0,2,0,0,0,0,,2.585,,,,
discussed,VP,6,3,9,1,Diagnostics,2.0,0.6667,0.918296,1,2,0,0,0,0,1.0,2.0,,,,
the cancer antigen test,NP,4,2,23,4,Diagnostics,2.585,1.0,0.0,0,2,0,0,0,0,,2.585,,,,
at my next blood work,PP,4,2,21,5,Diagnostics,2.585,1.0,0.0,0,2,0,0,0,0,,2.585,,,,
my next blood work,NP,4,2,18,4,Diagnostics,2.585,1.0,0.0,0,2,0,0,0,0,,2.585,,,,
to compare,VP,2,1,10,2,General_information,2.585,1.0,0.0,0,0,0,1,0,0,,,,2.585,,
to come in,VP,2,1,10,3,Scheduling_appt,2.585,1.0,0.0,0,0,0,0,1,0,,,,,2.585,
next,ADVP,2,1,4,1,Scheduling_appt,2.585,1.0,0.0,0,0,0,0,1,0,,,,,2.585,
for a check,PP,2,1,11,3,Scheduling_appt,2.585,1.0,0.0,0,0,0,0,1,0,,,,,2.585,
a check,NP,2,1,7,2,Scheduling_appt,2.585,1.0,0.0,0,0,0,0,1,0,,,,,2.585,
do I have,VP,1,1,9,3,Scheduling_appt,2.585,1.0,0.0,0,0,0,0,1,0,,,,,2.585,
can review,VP,2,1,10,2,Care_Coordination,2.585,1.0,0.0,1,0,0,0,0,0,2.585,,,,,
the next one,NP,2,1,12,3,Scheduling_appt,2.585,1.0,0.0,0,0,0,0,1,0,,,,,2.585,
should have been,VP,2,1,16,3,Scheduling_appt,2.585,1.0,0.0,0,0,0,0,1,0,,,,,2.585,
around MM/DD/YYYY,PP,2,1,17,2,Scheduling_appt,2.585,1.0,0.0,0,0,0,0,1,0,,,,,2.585,
later,ADVP,2,1,5,1,Scheduling_appt,2.585,1.0,0.0,0,0,0,0,1,0,,,,,2.585,
let,VP,6,4,3,1,Care_Coordination,1.585,0.5,1.5,2,1,0,0,1,0,1.585,0.585,,,0.585,
a look,NP,1,1,6,2,Care_Coordination,2.585,1.0,0.0,1,0,0,0,0,0,2.585,,,,,
advise,VP,4,2,6,1,General_information,2.585,1.0,0.0,0,0,0,2,0,0,,,,2.585,,
to submit,VP,2,1,9,2,General_information,2.585,1.0,0.0,0,0,0,1,0,0,,,,2.585,,
to G Hosp,PP,1,1,9,3,General_information,2.585,1.0,0.0,0,0,0,1,0,0,,,,2.585,,
G Hosp,NP,1,1,6,2,General_information,2.585,1.0,0.0,0,0,0,1,0,0,,,,2.585,,
Did the flexeril not help,VP,2,1,25,5,Drugs,2.585,1.0,0.0,0,0,1,0,0,0,,,2.585,,,
the flexeril,NP,2,1,12,2,Drugs,2.585,1.0,0.0,0,0,1,0,0,0,,,2.585,,,
a tough day,NP,2,1,11,3,Symptoms,2.585,1.0,0.0,0,0,0,0,0,1,,,,,,2.585
with pain MM/DD/YYYY,PP,1,1,20,3,Symptoms,2.585,1.0,0.0,0,0,0,0,0,1,,,,,,2.585
pain MM/DD/YYYY,NP,1,1,15,2,Symptoms,2.585,1.0,0.0,0,0,0,0,0,1,,,,,,2.585
is having,VP,1,1,9,2,Symptoms,2.585,1.0,0.0,0,0,0,0,0,1,,,,,,2.585
with pain,PP,1,1,9,2,Symptoms,2.585,1.0,0.0,0,0,0,0,0,1,,,,,,2.585
taken,VP,2,1,5,1,Drugs,2.585,1.0,0.0,0,0,1,0,0,0,,,2.585,,,
as one tablet,PP,2,1,13,3,Drugs,2.585,1.0,0.0,0,0,1,0,0,0,,,2.585,,,
can hold off,VP,2,1,12,3,Drugs,2.585,1.0,0.0,0,0,1,0,0,0,,,2.585,,,
starting,VP,4,2,8,1,Drugs,2.585,1.0,0.0,0,0,2,0,0,0,,,2.585,,,
the Ibrance,NP,2,1,11,2,Drugs,2.585,1.0,0.0,0,0,1,0,0,0,,,2.585,,,
could refill,VP,2,1,12,2,Drugs,2.585,1.0,0.0,0,0,1,0,0,0,,,2.585,,,
this RX,NP,4,3,7,2,Drugs,2.585,1.0,0.0,0,0,3,0,0,0,,,2.585,,,
for me,PP,5,4,6,2,Drugs,1.585,0.5,1.5,1,1,2,0,0,0,0.585,0.585,1.585,,,
for the pain,PP,1,1,12,3,Drugs,2.585,1.0,0.0,0,0,1,0,0,0,,,2.585,,,
the pain,NP,1,1,8,2,Drugs,2.585,1.0,0.0,0,0,1,0,0,0,,,2.585,,,
have asked,VP,4,2,10,2,Care_Coordination,1.585,0.5,1.0,1,0,0,0,1,0,1.585,,,,1.585,
to send,VP,4,2,7,2,Care_Coordination,2.585,1.0,0.0,2,0,0,0,0,0,2.585,,,,,
signed,VP,2,1,6,1,Care_Coordination,2.585,1.0,0.0,1,0,0,0,0,0,2.585,,,,,
was trending,VP,1,1,12,2,Diagnostics,2.585,1.0,0.0,0,1,0,0,0,0,,2.585,,,,
was trending down,VP,1,1,17,3,Diagnostics,2.585,1.0,0.0,0,1,0,0,0,0,,2.585,,,,
which,NP,3,2,5,1,Symptoms,2.585,1.0,0.0,0,0,0,0,0,2,,,,,,2.585
can be,VP,5,3,6,2,Symptoms,2.0,0.6667,0.918296,0,0,1,0,0,2,,,1.0,,,2.0
pretty,ADVP,5,3,6,1,Symptoms,2.0,0.6667,0.918296,0,0,1,0,0,2,,,1.0,,,2.0
Labs,NP,2,1,4,1,Diagnostics,2.585,1.0,0.0,0,1,0,0,0,0,,2.585,,,,
have been,VP,4,2,9,2,Diagnostics,1.585,0.5,1.0,0,1,0,1,0,0,,1.585,,1.585,,
order,NP,2,1,5,1,Diagnostics,2.585,1.0,0.0,0,1,0,0,0,0,,2.585,,,,
for the attention,PP,2,1,17,3,Care_Coordination,2.585,1.0,0.0,1,0,0,0,0,0,2.585,,,,,
the attention,NP,2,1,13,2,Care_Coordination,2.585,1.0,0.0,1,0,0,0,0,0,2.585,,,,,
of Dr. Person3,PP,2,1,14,3,Care_Coordination,2.585,1.0,0.0,1,0,0,0,0,0,2.585,,,,,
Lymphoma Department,NP,1,1,19,2,Care_Coordination,2.585,1.0,0.0,1,0,0,0,0,0,2.585,,,,,
at Org1,PP,1,1,7,2,Care_Coordination,2.585,1.0,0.0,1,0,0,0,0,0,2.585,,,,,
Org1,NP,1,1,4,1,Care_Coordination,2.585,1.0,0.0,1,0,0,0,0,0,2.585,,,,,
Can I go,VP,2,1,8,3,Scheduling_appt,2.585,1.0,0.0,0,0,0,0,1,0,,,,,2.585,
before MM/DD/YYYY,PP,1,1,17,2,Scheduling_appt,2.585,1.0,0.0,0,0,0,0,1,0,,,,,2.585,
messaged,VP,2,1,8,1,Drugs,2.585,1.0,0.0,0,0,1,0,0,0,,,2.585,,,
pharmacy,NP,2,1,8,1,Drugs,2.585,1.0,0.0,0,0,1,0,0,0,,,2.585,,,
to release,VP,2,1,10,2,Drugs,2.585,1.0,0.0,0,0,1,0,0,0,,,2.585,,,
to review,VP,3,2,9,2,Care_Coordination,2.585,1.0,0.0,2,0,0,0,0,0,2.585,,,,,
here,ADVP,2,1,4,1,Care_Coordination,2.585,1.0,0.0,1,0,0,0,0,0,2.585,,,,,
his thoughts,NP,1,1,12,2,Care_Coordination,2.585,1.0,0.0,1,0,0,0,0,0,2.585,,,,,
can see,VP,4,2,7,2,Scheduling_appt,2.585,1.0,0.0,0,0,0,0,2,0,,,,,2.585,
rescheduled,VP,1,1,11,1,Scheduling_appt,2.585,1.0,0.0,0,0,0,0,1,0,,,,,2.585,
m preparing,VP,2,1,11,2,General_information,2.585,1.0,0.0,0,0,0,1,0,0,,,,2.585,,
for surgery,PP,2,1,11,2,General_information,2.585,1.0,0.0,0,0,0,1,0,0,,,,2.585,,
surgery,NP,2,1,7,1,General_information,2.585,1.0,0.0,0,0,0,1,0,0,,,,2.585,,
to me,PP,2,1,5,2,Care_Coordination,2.585,1.0,0.0,1,0,0,0,0,0,2.585,,,,,
advised,VP,2,2,7,1,Care_Coordination,1.585,0.5,1.0,1,1,0,0,0,0,1.585,1.585,,,,
long,ADVP,2,1,4,1,Symptoms,2.585,1.0,0.0,0,0,0,0,0,1,,,,,,2.585
has this been going on,VP,2,1,22,5,Symptoms,2.585,1.0,0.0,0,0,0,0,0,1,,,,,,2.585
can you tell,VP,2,1,12,3,Diagnostics,2.585,1.0,0.0,0,1,0,0,0,0,,2.585,,,,
about my results,PP,2,1,16,3,Diagnostics,2.585,1.0,0.0,0,1,0,0,0,0,,2.585,,,,
my results,NP,2,1,10,2,Diagnostics,2.585,1.0,0.0,0,1,0,0,0,0,,2.585,,,,
My youngest son,NP,2,1,15,3,General_information,2.585,1.0,0.0,0,0,0,1,0,0,,,,2.585,,
has,VP,4,3,3,1,General_information,2.0,0.6667,0.918296,0,0,0,2,0,1,,,,2.0,,1.0
MS,NP,2,1,2,1,General_information,2.585,1.0,0.0,0,0,0,1,0,0,,,,2.585,,
were,VP,6,3,4,1,Scheduling_appt,2.0,0.6667,0.918296,0,0,0,1,2,0,,,,1.0,2.0,
to move up,VP,2,1,10,3,Scheduling_appt,2.585,1.0,0.0,0,0,0,0,1,0,,,,,2.585,
the imaging,NP,2,1,11,2,Scheduling_appt,2.585,1.0,0.0,0,0,0,0,1,0,,,,,2.585,
(just another marker,NP,2,2,20,3,Diagnostics,2.585,1.0,0.0,0,2,0,0,0,0,,2.585,,,,
in this situation,PP,4,2,17,3,Diagnostics,2.585,1.0,0.0,0,2,0,0,0,0,,2.585,,,,
this situation,NP,4,2,14,2,Diagnostics,2.585,1.0,0.0,0,2,0,0,0,0,,2.585,,,,
to the CA27.29,PP,4,2,14,3,Diagnostics,2.585,1.0,0.0,0,2,0,0,0,0,,2.585,,,,
adding,VP,2,2,6,1,Diagnostics,2.585,1.0,0.0,0,2,0,0,0,0,,2.585,,,,
just another marker,NP,2,2,19,3,Diagnostics,2.585,1.0,0.0,0,2,0,0,0,0,,2.585,,,,
Script,NP,2,1,6,1,Drugs,2.585,1.0,0.0,0,0,1,0,0,0,,,2.585,,,
will be sent over,VP,2,1,17,4,Drugs,2.585,1.0,0.0,0,0,1,0,0,0,,,2.585,,,
to the pharmacy,PP,2,1,15,3,Drugs,2.585,1.0,0.0,0,0,1,0,0,0,,,2.585,,,
the pharmacy,NP,2,1,12,2,Drugs,2.585,1.0,0.0,0,0,1,0,0,0,,,2.585,,,
normal clear yellow,NP,1,1,19,3,General_information,2.585,1.0,0.0,0,0,0,1,0,0,,,,2.585,,
clear,ADVP,1,1,5,1,General_information,2.585,1.0,0.0,0,0,0,1,0,0,,,,2.585,,
the false blood,NP,2,1,15,3,General_information,2.585,1.0,0.0,0,0,0,1,0,0,,,,2.585,,
in the urine,PP,2,1,12,3,General_information,2.585,1.0,0.0,0,0,0,1,0,0,,,,2.585,,
the urine,NP,2,1,9,2,General_information,2.585,1.0,0.0,0,0,0,1,0,0,,,,2.585,,
cause,VP,2,1,5,1,General_information,2.585,1.0,0.0,0,0,0,1,0,0,,,,2.585,,
drinking,VP,2,1,8,1,General_information,2.585,1.0,0.0,0,0,0,1,0,0,,,,2.585,,
beet juice,NP,2,1,10,2,General_information,2.585,1.0,0.0,0,0,0,1,0,0,,,,2.585,,
set up,VP,2,1,6,2,Scheduling_appt,2.585,1.0,0.0,0,0,0,0,1,0,,,,,2.585,
a  fax/phone number/person,NP,2,1,26,3,General_information,2.585,1.0,0.0,0,0,0,1,0,0,,,,2.585,,
Thanks  Person2,NP,1,1,15,2,General_information,2.585,1.0,0.0,0,0,0,1,0,0,,,,2.585,,
to you,PP,2,2,6,2,Care_Coordination,1.585,0.5,1.0,1,0,0,1,0,0,1.585,,,1.585,,
up,ADVP,1,1,2,1,Scheduling_appt,2.585,1.0,0.0,0,0,0,0,1,0,,,,,2.585,
the lymph node biopsy procedure,NP,2,1,31,5,Scheduling_appt,2.585,1.0,0.0,0,0,0,0,1,0,,,,,2.585,
prior,ADVP,2,1,5,1,Scheduling_appt,2.585,1.0,0.0,0,0,0,0,1,0,,,,,2.585,
to my SABR treatment,PP,2,1,20,4,Scheduling_appt,2.585,1.0,0.0,0,0,0,0,1,0,,,,,2.585,
my SABR treatment,NP,2,1,17,3,Scheduling_appt,2.585,1.0,0.0,0,0,0,0,1,0,,,,,2.585,
Could you please tell,VP,1,1,21,4,Scheduling_appt,2.585,1.0,0.0,0,0,0,0,1,0,,,,,2.585,
who,NP,1,1,3,1,Scheduling_appt,2.585,1.0,0.0,0,0,0,0,1,0,,,,,2.585,
should be following up,VP,1,1,22,4,Scheduling_appt,2.585,1.0,0.0,0,0,0,0,1,0,,,,,2.585,
because of the prednisone,PP,1,1,25,4,Drugs,2.585,1.0,0.0,0,0,1,0,0,0,,,2.585,,,
the prednisone,NP,2,1,14,2,Drugs,2.585,1.0,0.0,0,0,1,0,0,0,,,2.585,,,
Could you please confirm,VP,2,1,24,4,General_information,2.585,1.0,0.0,0,0,0,1,0,0,,,,2.585,,
your fax number,NP,2,1,15,3,General_information,2.585,1.0,0.0,0,0,0,1,0,0,,,,2.585,,
Most people,NP,2,1,11,2,Drugs,2.585,1.0,0.0,0,0,1,0,0,0,,,2.585,,,
tolerate,VP,2,1,8,1,Drugs,2.585,1.0,0.0,0,0,1,0,0,0,,,2.585,,,
per week,PP,2,1,8,2,Drugs,2.585,1.0,0.0,0,0,1,0,0,0,,,2.585,,,
week,NP,2,1,4,1,Drugs,2.585,1.0,0.0,0,0,1,0,0,0,,,2.585,,,
for 230,PP,2,1,7,2,Scheduling_appt,2.585,1.0,0.0,0,0,0,0,1,0,,,,,2.585,
will stop,VP,2,1,9,2,General_information,2.585,1.0,0.0,0,0,0,1,0,0,,,,2.585,,
by your office,PP,2,1,14,3,General_information,2.585,1.0,0.0,0,0,0,1,0,0,,,,2.585,,
afterward,ADVP,2,1,9,1,General_information,2.585,1.0,0.0,0,0,0,1,0,0,,,,2.585,,
have not completely recovered,VP,2,1,29,4,Symptoms,2.585,1.0,0.0,0,0,0,0,0,1,,,,,,2.585
completely,ADVP,2,1,10,1,Symptoms,2.585,1.0,0.0,0,0,0,0,0,1,,,,,,2.585
from the surgery,PP,2,1,16,3,Symptoms,2.585,1.0,0.0,0,0,0,0,0,1,,,,,,2.585
the surgery,NP,2,1,11,2,Symptoms,2.585,1.0,0.0,0,0,0,0,0,1,,,,,,2.585
was just looking,VP,2,1,16,3,Scheduling_appt,2.585,1.0,0.0,0,0,0,0,1,0,,,,,2.585,
at my calendar,PP,2,1,14,3,Scheduling_appt,2.585,1.0,0.0,0,0,0,0,1,0,,,,,2.585,
my calendar,NP,2,1,11,2,Scheduling_appt,2.585,1.0,0.0,0,0,0,0,1,0,,,,,2.585,
realized,VP,2,1,8,1,Scheduling_appt,2.585,1.0,0.0,0,0,0,0,1,0,,,,,2.585,
my next appt,NP,1,1,12,3,Scheduling_appt,2.585,1.0,0.0,0,0,0,0,1,0,,,,,2.585,
need,VP,6,3,4,1,Drugs,1.0,0.3333,1.584963,0,0,1,1,1,0,,,1.0,1.0,1.0,
a refill,NP,4,2,8,2,Drugs,2.585,1.0,0.0,0,0,2,0,0,0,,,2.585,,,
for the above,PP,2,1,13,3,Drugs,2.585,1.0,0.0,0,0,1,0,0,0,,,2.585,,,
will ask,VP,4,2,8,2,Scheduling_appt,2.585,1.0,0.0,0,0,0,0,2,0,,,,,2.585,
will call,VP,4,3,9,2,Scheduling_appt,2.0,0.6667,0.918296,0,0,0,1,2,0,,,,1.0,2.0,
will,VP,2,1,4,1,General_information,2.585,1.0,0.0,0,0,0,1,0,0,,,,2.585,,
the answers,NP,2,1,11,2,General_information,2.585,1.0,0.0,0,0,0,1,0,0,,,,2.585,,
for my appointment,PP,2,1,18,3,Scheduling_appt,2.585,1.0,0.0,0,0,0,0,1,0,,,,,2.585,
my appointment,NP,2,1,14,2,Scheduling_appt,2.585,1.0,0.0,0,0,0,0,1,0,,,,,2.585,
a call,NP,2,1,6,2,Scheduling_appt,2.585,1.0,0.0,0,0,0,0,1,0,,,,,2.585,
for MM/DD/YYYY,PP,5,3,14,2,Scheduling_appt,2.585,1.0,0.0,0,0,0,0,3,0,,,,,2.585,
w Dr. B,PP,3,2,7,3,Drugs,1.585,0.5,1.0,0,0,1,0,1,0,,,1.585,,1.585,
Yep,NP,1,1,3,1,Scheduling_appt,2.585,1.0,0.0,0,0,0,0,1,0,,,,,2.585,
in you,PP,2,1,6,2,Scheduling_appt,2.585,1.0,0.0,0,0,0,0,1,0,,,,,2.585,
at 130,PP,1,1,6,2,Scheduling_appt,2.585,1.0,0.0,0,0,0,0,1,0,,,,,2.585,
on your med list,PP,2,1,16,4,Drugs,2.585,1.0,0.0,0,0,1,0,0,0,,,2.585,,,
your med list,NP,2,1,13,3,Drugs,2.585,1.0,0.0,0,0,1,0,0,0,,,2.585,,,
having,VP,2,1,6,1,Care_Coordination,2.585,1.0,0.0,1,0,0,0,0,0,2.585,,,,,
get your port out,VP,1,1,17,4,Care_Coordination,2.585,1.0,0.0,1,0,0,0,0,0,2.585,,,,,
your port,NP,1,1,9,2,Care_Coordination,2.585,1.0,0.0,1,0,0,0,0,0,2.585,,,,,
had noticed,VP,2,1,11,2,Symptoms,2.585,1.0,0.0,0,0,0,0,0,1,,,,,,2.585
something,NP,2,1,9,1,Symptoms,2.585,1.0,0.0,0,0,0,0,0,1,,,,,,2.585
going on,VP,2,1,8,2,Symptoms,2.585,1.0,0.0,0,0,0,0,0,1,,,,,,2.585
with my breathing/lungs,PP,2,1,23,3,Symptoms,2.585,1.0,0.0,0,0,0,0,0,1,,,,,,2.585
my breathing/lungs,NP,2,1,18,2,Symptoms,2.585,1.0,0.0,0,0,0,0,0,1,,,,,,2.585
about blood work,PP,1,1,16,3,Diagnostics,2.585,1.0,0.0,0,1,0,0,0,0,,2.585,,,,
blood work,NP,3,2,10,2,Diagnostics,2.585,1.0,0.0,0,2,0,0,0,0,,2.585,,,,
This test,NP,2,1,9,2,Scheduling_appt,2.585,1.0,0.0,0,0,0,0,1,0,,,,,2.585,
usually,ADVP,2,1,7,1,Scheduling_appt,2.585,1.0,0.0,0,0,0,0,1,0,,,,,2.585,
an appointment,NP,1,1,14,2,Scheduling_appt,2.585,1.0,0.0,0,0,0,0,1,0,,,,,2.585,
speaking,VP,7,4,8,1,Care_Coordination,2.585,1.0,0.0,4,0,0,0,0,0,2.585,,,,,
with the vascular cardiologist,PP,4,2,30,4,Care_Coordination,2.585,1.0,0.0,2,0,0,0,0,0,2.585,,,,,
the vascular cardiologist,NP,4,2,25,3,Care_Coordination,2.585,1.0,0.0,2,0,0,0,0,0,2.585,,,,,
question mark,NP,4,2,13,2,Care_Coordination,2.585,1.0,0.0,2,0,0,0,0,0,2.585,,,,,
really,ADVP,8,5,6,1,Care_Coordination,1.263,0.4,1.521928,2,0,0,1,0,2,1.263,,,0.263,,1.263
a partial blood clot,NP,4,2,20,4,Care_Coordination,2.585,1.0,0.0,2,0,0,0,0,0,2.585,,,,,
in my vein,PP,4,2,10,3,Care_Coordination,2.585,1.0,0.0,2,0,0,0,0,0,2.585,,,,,
my vein,NP,4,2,7,2,Care_Coordination,2.585,1.0,0.0,2,0,0,0,0,0,2.585,,,,,
note,VP,2,1,4,1,Drugs,2.585,1.0,0.0,0,0,1,0,0,0,,,2.585,,,
two requests,NP,2,1,12,2,Drugs,2.585,1.0,0.0,0,0,1,0,0,0,,,2.585,,,
for Eliquis refill,PP,2,1,18,3,Drugs,2.585,1.0,0.0,0,0,1,0,0,0,,,2.585,,,
Eliquis refill,NP,2,1,14,2,Drugs,2.585,1.0,0.0,0,0,1,0,0,0,,,2.585,,,
as need,PP,2,1,7,2,Drugs,2.585,1.0,0.0,0,0,1,0,0,0,,,2.585,,,
need,NP,2,1,4,1,Drugs,2.585,1.0,0.0,0,0,1,0,0,0,,,2.585,,,
before trip,PP,2,1,11,2,Drugs,2.585,1.0,0.0,0,0,1,0,0,0,,,2.585,,,
trip,NP,2,1,4,1,Drugs,2.585,1.0,0.0,0,0,1,0,0,0,,,2.585,,,
on continuing basis,PP,1,1,19,3,Drugs,2.585,1.0,0.0,0,0,1,0,0,0,,,2.585,,,
continuing,VP,1,1,10,1,Drugs,2.585,1.0,0.0,0,0,1,0,0,0,,,2.585,,,
continuing basis,NP,1,1,16,2,Drugs,2.585,1.0,0.0,0,0,1,0,0,0,,,2.585,,,
3  months,NP,2,1,9,2,Scheduling_appt,2.585,1.0,0.0,0,0,0,0,1,0,,,,,2.585,
Do you have,VP,2,1,11,3,Care_Coordination,2.585,1.0,0.0,1,0,0,0,0,0,2.585,,,,,
a fax number,NP,2,1,12,3,Care_Coordination,2.585,1.0,0.0,1,0,0,0,0,0,2.585,,,,,
for Dr Person2,PP,2,1,14,3,Care_Coordination,2.585,1.0,0.0,1,0,0,0,0,0,2.585,,,,,
can fax,VP,1,1,7,2,Care_Coordination,2.585,1.0,0.0,1,0,0,0,0,0,2.585,,,,,
can fax the report over,VP,1,1,23,5,Care_Coordination,2.585,1.0,0.0,1,0,0,0,0,0,2.585,,,,,
the report,NP,1,1,10,2,Care_Coordination,2.585,1.0,0.0,1,0,0,0,0,0,2.585,,,,,
to him,PP,1,1,6,2,Care_Coordination,2.585,1.0,0.0,1,0,0,0,0,0,2.585,,,,,
has been going on,VP,2,1,17,4,Symptoms,2.585,1.0,0.0,0,0,0,0,0,1,,,,,,2.585
for about 4 days,PP,2,1,16,4,Symptoms,2.585,1.0,0.0,0,0,0,0,0,1,,,,,,2.585
about,ADVP,4,2,5,1,Care_Coordination,1.585,0.5,1.0,1,0,0,0,0,1,1.585,,,,,1.585
about 4 days,NP,2,1,12,3,Symptoms,2.585,1.0,0.0,0,0,0,0,0,1,,,,,,2.585
have not gotten,VP,2,1,15,3,Care_Coordination,2.585,1.0,0.0,1,0,0,0,0,0,2.585,,,,,
a response,NP,1,1,10,2,Care_Coordination,2.585,1.0,0.0,1,0,0,0,0,0,2.585,,,,,
super,ADVP,2,1,5,1,Symptoms,2.585,1.0,0.0,0,0,0,0,0,1,,,,,,2.585
super bad heartburn,NP,2,1,19,3,Symptoms,2.585,1.0,0.0,0,0,0,0,0,1,,,,,,2.585
with IR,PP,2,1,7,2,Scheduling_appt,2.585,1.0,0.0,0,0,0,0,1,0,,,,,2.585,
IR,NP,2,1,2,1,Scheduling_appt,2.585,1.0,0.0,0,0,0,0,1,0,,,,,2.585,
'll get,VP,1,1,7,2,Scheduling_appt,2.585,1.0,0.0,0,0,0,0,1,0,,,,,2.585,
to take it out,VP,1,1,14,4,Scheduling_appt,2.585,1.0,0.0,0,0,0,0,1,0,,,,,2.585,
concurs,VP,2,1,7,1,Care_Coordination,2.585,1.0,0.0,1,0,0,0,0,0,2.585,,,,,
restarting,VP,2,1,10,1,Care_Coordination,2.585,1.0,0.0,1,0,0,0,0,0,2.585,,,,,
Lupron,NP,2,1,6,1,Care_Coordination,2.585,1.0,0.0,1,0,0,0,0,0,2.585,,,,,
can put,VP,2,1,7,2,Care_Coordination,2.585,1.0,0.0,1,0,0,0,0,0,2.585,,,,,
for a PT eval,PP,2,1,13,4,Care_Coordination,2.585,1.0,0.0,1,0,0,0,0,0,2.585,,,,,
a PT eval,NP,2,1,9,3,Care_Coordination,2.585,1.0,0.0,1,0,0,0,0,0,2.585,,,,,
with a lymphedema therapist,PP,2,1,27,4,Care_Coordination,2.585,1.0,0.0,1,0,0,0,0,0,2.585,,,,,
a lymphedema therapist,NP,2,1,22,3,Care_Coordination,2.585,1.0,0.0,1,0,0,0,0,0,2.585,,,,,
to fax,VP,3,2,6,2,Care_Coordination,2.585,1.0,0.0,2,0,0,0,0,0,2.585,,,,,
the paperwork,NP,5,3,13,2,Care_Coordination,2.585,1.0,0.0,3,0,0,0,0,0,2.585,,,,,
from work,PP,3,2,9,2,Care_Coordination,2.585,1.0,0.0,2,0,0,0,0,0,2.585,,,,,
work,NP,5,3,4,1,Care_Coordination,2.0,0.6667,0.918296,2,0,0,1,0,0,2.0,,,1.0,,
to Person1,PP,3,2,10,2,Care_Coordination,2.585,1.0,0.0,2,0,0,0,0,0,2.585,,,,,
to add,VP,2,1,6,2,Drugs,2.585,1.0,0.0,0,0,1,0,0,0,,,2.585,,,
one more Rx request,NP,2,1,19,4,Drugs,2.585,1.0,0.0,0,0,1,0,0,0,,,2.585,,,
a new script,NP,1,1,12,3,Drugs,2.585,1.0,0.0,0,0,1,0,0,0,,,2.585,,,
for Lidocaine / Prilocaine cream,PP,1,1,32,5,Drugs,2.585,1.0,0.0,0,0,1,0,0,0,,,2.585,,,
Lidocaine / Prilocaine cream,NP,1,1,28,4,Drugs,2.585,1.0,0.0,0,0,1,0,0,0,,,2.585,,,
feel,VP,3,2,4,1,Symptoms,2.585,1.0,0.0,0,0,0,0,0,2,,,,,,2.585
a little tingling,NP,2,1,17,3,Symptoms,2.585,1.0,0.0,0,0,0,0,0,1,,,,,,2.585
in my upper arm,PP,2,1,15,4,Symptoms,2.585,1.0,0.0,0,0,0,0,0,1,,,,,,2.585
my upper arm,NP,4,2,12,3,Symptoms,2.585,1.0,0.0,0,0,0,0,0,2,,,,,,2.585
What date,NP,2,1,9,2,Scheduling_appt,2.585,1.0,0.0,0,0,0,0,1,0,,,,,2.585,
The neuropathy,NP,3,2,14,2,Symptoms,2.585,1.0,0.0,0,0,0,0,0,2,,,,,,2.585
has tapered,VP,1,1,11,2,Symptoms,2.585,1.0,0.0,0,0,0,0,0,1,,,,,,2.585
has tapered down,VP,2,2,16,3,Symptoms,2.585,1.0,0.0,0,0,0,0,0,2,,,,,,2.585
even,ADVP,3,2,4,1,Symptoms,2.585,1.0,0.0,0,0,0,0,0,2,,,,,,2.585
even tho,NP,3,2,8,2,Symptoms,2.585,1.0,0.0,0,0,0,0,0,2,,,,,,2.585
the prescription,NP,2,1,16,2,Care_Coordination,2.585,1.0,0.0,1,0,0,0,0,0,2.585,,,,,
for oxycodone,PP,2,1,13,2,Care_Coordination,2.585,1.0,0.0,1,0,0,0,0,0,2.585,,,,,
oxycodone,NP,2,1,9,1,Care_Coordination,2.585,1.0,0.0,1,0,0,0,0,0,2.585,,,,,
to sign,VP,2,1,7,2,Care_Coordination,2.585,1.0,0.0,1,0,0,0,0,0,2.585,,,,,
one 5mg am,NP,2,1,10,3,Drugs,2.585,1.0,0.0,0,0,1,0,0,0,,,2.585,,,
one 5mg pm,NP,2,1,10,3,Drugs,2.585,1.0,0.0,0,0,1,0,0,0,,,2.585,,,
'm,VP,2,1,2,1,Drugs,2.585,1.0,0.0,0,0,1,0,0,0,,,2.585,,,
supposed,VP,2,1,8,1,Drugs,2.585,1.0,0.0,0,0,1,0,0,0,,,2.585,,,
to start,VP,2,1,8,2,Drugs,2.585,1.0,0.0,0,0,1,0,0,0,,,2.585,,,
my next round,NP,2,1,13,3,Drugs,2.585,1.0,0.0,0,0,1,0,0,0,,,2.585,,,
That,NP,2,2,4,1,Drugs,1.585,0.5,1.0,0,0,1,1,0,0,,,1.585,1.585,,
The ED doctor,NP,2,1,13,3,Care_Coordination,2.585,1.0,0.0,1,0,0,0,0,0,2.585,,,,,
a question,NP,5,4,10,2,Diagnostics,2.585,1.0,0.0,0,4,0,0,0,0,,2.585,,,,
about CBC,PP,2,1,9,2,Diagnostics,2.585,1.0,0.0,0,1,0,0,0,0,,2.585,,,,
CBC,NP,2,1,3,1,Diagnostics,2.585,1.0,0.0,0,1,0,0,0,0,,2.585,,,,
WITH AUTO DIFFERENTIAL,PP,2,1,22,3,Diagnostics,2.585,1.0,0.0,0,1,0,0,0,0,,2.585,,,,
AUTO DIFFERENTIAL,NP,2,1,17,2,Diagnostics,2.585,1.0,0.0,0,1,0,0,0,0,,2.585,,,,
resulted,VP,8,4,8,1,Diagnostics,2.585,1.0,0.0,0,4,0,0,0,0,,2.585,,,,
at MM/DD/YYYY,PP,6,5,13,2,Diagnostics,1.848,0.6,0.970951,0,3,2,0,0,0,,1.848,1.263,,,
down even tho,PP,1,1,13,3,Symptoms,2.585,1.0,0.0,0,0,0,0,0,1,,,,,,2.585
of this pain,PP,2,1,12,3,Symptoms,2.585,1.0,0.0,0,0,0,0,0,1,,,,,,2.585
this pain,NP,2,1,9,2,Symptoms,2.585,1.0,0.0,0,0,0,0,0,1,,,,,,2.585
on my right side,PP,2,1,16,4,Symptoms,2.585,1.0,0.0,0,0,0,0,0,1,,,,,,2.585
my right side,NP,4,2,13,3,Symptoms,2.585,1.0,0.0,0,0,0,0,0,2,,,,,,2.585
is tolerating,VP,2,1,13,2,Drugs,2.585,1.0,0.0,0,0,1,0,0,0,,,2.585,,,
all meds,NP,2,1,8,2,Drugs,2.585,1.0,0.0,0,0,1,0,0,0,,,2.585,,,
directions,NP,1,1,10,1,Drugs,2.585,1.0,0.0,0,0,1,0,0,0,,,2.585,,,
on the blood draw,PP,2,1,17,4,General_information,2.585,1.0,0.0,0,0,0,1,0,0,,,,2.585,,
the blood draw,NP,2,1,14,3,General_information,2.585,1.0,0.0,0,0,0,1,0,0,,,,2.585,,
made,VP,3,1,4,1,General_information,2.585,1.0,0.0,0,0,0,1,0,0,,,,2.585,,
am feeling,VP,2,1,10,2,Symptoms,2.585,1.0,0.0,0,0,0,0,0,1,,,,,,2.585
much,ADVP,2,1,4,1,Symptoms,2.585,1.0,0.0,0,0,0,0,0,1,,,,,,2.585
the mane,NP,2,1,8,2,Care_Coordination,2.585,1.0,0.0,1,0,0,0,0,0,2.585,,,,,
of the place,PP,2,1,12,3,Care_Coordination,2.585,1.0,0.0,1,0,0,0,0,0,2.585,,,,,
the place,NP,2,1,9,2,Care_Coordination,2.585,1.0,0.0,1,0,0,0,0,0,2.585,,,,,
goes,VP,2,1,4,1,Care_Coordination,2.585,1.0,0.0,1,0,0,0,0,0,2.585,,,,,
don't seen,VP,2,1,10,2,Diagnostics,2.585,1.0,0.0,0,1,0,0,0,0,,2.585,,,,
for my PSA,PP,2,1,10,3,Diagnostics,2.585,1.0,0.0,0,1,0,0,0,0,,2.585,,,,
to show up,VP,2,1,10,3,General_information,2.585,1.0,0.0,0,0,0,1,0,0,,,,2.585,,
in Person2,PP,1,1,10,2,General_information,2.585,1.0,0.0,0,0,0,1,0,0,,,,2.585,,
longer,ADVP,3,2,6,1,General_information,1.585,0.5,1.0,0,0,0,1,0,1,,,,1.585,,1.585
the timing,NP,3,2,10,2,Diagnostics,2.585,1.0,0.0,0,2,0,0,0,0,,2.585,,,,
of my blood work,PP,3,2,16,4,Diagnostics,2.585,1.0,0.0,0,2,0,0,0,0,,2.585,,,,
my blood work,NP,3,2,13,3,Diagnostics,2.585,1.0,0.0,0,2,0,0,0,0,,2.585,,,,
am still not understanding,VP,3,2,26,4,Diagnostics,2.585,1.0,0.0,0,2,0,0,0,0,,2.585,,,,
Do we need,VP,2,1,10,3,Scheduling_appt,2.585,1.0,0.0,0,0,0,0,1,0,,,,,2.585,
to reschedule,VP,4,2,13,2,Scheduling_appt,2.585,1.0,0.0,0,0,0,0,2,0,,,,,2.585,
have not rec'd,VP,1,1,14,3,Diagnostics,2.585,1.0,0.0,0,1,0,0,0,0,,2.585,,,,
email message,NP,2,1,13,2,Diagnostics,2.585,1.0,0.0,0,1,0,0,0,0,,2.585,,,,
from blood testing lab,PP,2,1,22,4,Diagnostics,2.585,1.0,0.0,0,1,0,0,0,0,,2.585,,,,
blood testing lab,NP,2,1,17,3,Diagnostics,2.585,1.0,0.0,0,1,0,0,0,0,,2.585,,,,
Just,ADVP,4,2,4,1,Diagnostics,2.585,1.0,0.0,0,2,0,0,0,0,,2.585,,,,
my bloodwork,NP,4,2,12,2,Diagnostics,2.585,1.0,0.0,0,2,0,0,0,0,,2.585,,,,
looks,VP,4,2,5,1,Diagnostics,2.585,1.0,0.0,0,2,0,0,0,0,,2.585,,,,
for my WBC,PP,2,2,10,3,Diagnostics,2.585,1.0,0.0,0,2,0,0,0,0,,2.585,,,,
right,ADVP,4,2,5,1,Symptoms,2.585,1.0,0.0,0,0,0,0,0,2,,,,,,2.585
my right breast,NP,2,1,15,3,Symptoms,2.585,1.0,0.0,0,0,0,0,0,1,,,,,,2.585
to my right side,PP,2,1,16,4,Symptoms,2.585,1.0,0.0,0,0,0,0,0,1,,,,,,2.585
located,VP,1,1,7,1,Symptoms,2.585,1.0,0.0,0,0,0,0,0,1,,,,,,2.585
under my right breast,PP,1,1,21,4,Symptoms,2.585,1.0,0.0,0,0,0,0,0,1,,,,,,2.585
Another unproductive week,NP,2,1,25,3,Symptoms,2.585,1.0,0.0,0,0,0,0,0,1,,,,,,2.585
using,VP,2,1,5,1,Symptoms,2.585,1.0,0.0,0,0,0,0,0,1,,,,,,2.585
the leg massage machine,NP,2,1,23,4,Symptoms,2.585,1.0,0.0,0,0,0,0,0,1,,,,,,2.585
rethink,VP,1,1,7,1,Symptoms,2.585,1.0,0.0,0,0,0,0,0,1,,,,,,2.585
Eliquis,NP,2,1,7,1,Drugs,2.585,1.0,0.0,0,0,1,0,0,0,,,2.585,,,
your  message,NP,2,1,13,2,General_information,2.585,1.0,0.0,0,0,0,1,0,0,,,,2.585,,
can better respond,VP,2,1,18,3,General_information,2.585,1.0,0.0,0,0,0,1,0,0,,,,2.585,,
better,ADVP,2,1,6,1,General_information,2.585,1.0,0.0,0,0,0,1,0,0,,,,2.585,,
to your question,PP,2,1,16,3,General_information,2.585,1.0,0.0,0,0,0,1,0,0,,,,2.585,,
your question,NP,2,1,13,2,General_information,2.585,1.0,0.0,0,0,0,1,0,0,,,,2.585,,
could please clarify,VP,1,1,20,3,General_information,2.585,1.0,0.0,0,0,0,1,0,0,,,,2.585,,
've set up,VP,2,1,10,3,Scheduling_appt,2.585,1.0,0.0,0,0,0,0,1,0,,,,,2.585,
Person3's other am,NP,1,1,18,3,Scheduling_appt,2.585,1.0,0.0,0,0,0,0,1,0,,,,,2.585,
a common side effect,NP,2,1,20,4,Drugs,2.585,1.0,0.0,0,0,1,0,0,0,,,2.585,,,
of the Taxol,PP,2,1,12,3,Drugs,2.585,1.0,0.0,0,0,1,0,0,0,,,2.585,,,
the Taxol,NP,2,1,9,2,Drugs,2.585,1.0,0.0,0,0,1,0,0,0,,,2.585,,,
spoke,VP,2,1,5,1,Drugs,2.585,1.0,0.0,0,0,1,0,0,0,,,2.585,,,
about 2 Rxs,NP,2,1,11,3,Drugs,2.585,1.0,0.0,0,0,1,0,0,0,,,2.585,,,
been pending,VP,1,1,12,2,Drugs,2.585,1.0,0.0,0,0,1,0,0,0,,,2.585,,,
Next one,NP,2,1,8,2,Scheduling_appt,2.585,1.0,0.0,0,0,0,0,1,0,,,,,2.585,
emailed,VP,2,1,7,1,General_information,2.585,1.0,0.0,0,0,0,1,0,0,,,,2.585,,
noted,VP,2,1,5,1,Care_Coordination,2.585,1.0,0.0,1,0,0,0,0,0,2.585,,,,,
The pharmacy,NP,2,1,12,2,Drugs,2.585,1.0,0.0,0,0,1,0,0,0,,,2.585,,,
to get meds out,VP,2,1,15,4,Drugs,2.585,1.0,0.0,0,0,1,0,0,0,,,2.585,,,
meds,NP,2,1,4,1,Drugs,2.585,1.0,0.0,0,0,1,0,0,0,,,2.585,,,
to patients,PP,2,1,11,2,Drugs,2.585,1.0,0.0,0,0,1,0,0,0,,,2.585,,,
patients,NP,2,1,8,1,Drugs,2.585,1.0,0.0,0,0,1,0,0,0,,,2.585,,,
has been taking,VP,2,1,15,3,Drugs,2.585,1.0,0.0,0,0,1,0,0,0,,,2.585,,,
Oxycodone HCL,NP,1,1,13,2,Drugs,2.585,1.0,0.0,0,0,1,0,0,0,,,2.585,,,
Oxycodone,NP,1,1,9,1,Drugs,2.585,1.0,0.0,0,0,1,0,0,0,,,2.585,,,
have not heard,VP,2,1,14,3,General_information,2.585,1.0,0.0,0,0,0,1,0,0,,,,2.585,,
PSA,NP,5,4,3,1,Diagnostics,2.585,1.0,0.0,0,4,0,0,0,0,,2.585,,,,
coming down,VP,1,1,11,2,Diagnostics,2.585,1.0,0.0,0,1,0,0,0,0,,2.585,,,,
coming,VP,3,2,6,1,Diagnostics,1.585,0.5,1.0,0,1,0,1,0,0,,1.585,,1.585,,
That appt,NP,2,1,9,2,Scheduling_appt,2.585,1.0,0.0,0,0,0,0,1,0,,,,,2.585,
sched,VP,2,1,5,1,Scheduling_appt,2.585,1.0,0.0,0,0,0,0,1,0,,,,,2.585,
for Thurs,PP,2,1,9,2,Scheduling_appt,2.585,1.0,0.0,0,0,0,0,1,0,,,,,2.585,
Thurs,NP,2,1,5,1,Scheduling_appt,2.585,1.0,0.0,0,0,0,0,1,0,,,,,2.585,
Sent,VP,2,1,4,1,Drugs,2.585,1.0,0.0,0,0,1,0,0,0,,,2.585,,,
a request,NP,2,1,9,2,Drugs,2.585,1.0,0.0,0,0,1,0,0,0,,,2.585,,,
previously,ADVP,2,1,10,1,Drugs,2.585,1.0,0.0,0,0,1,0,0,0,,,2.585,,,
has come,VP,1,1,8,2,Drugs,2.585,1.0,0.0,0,0,1,0,0,0,,,2.585,,,
has come through,VP,1,1,16,3,Drugs,2.585,1.0,0.0,0,0,1,0,0,0,,,2.585,,,
TOTAL (POST DIAGNOSIS,NP,6,3,21,3,Diagnostics,2.585,1.0,0.0,0,3,0,0,0,0,,2.585,,,,
(BH GH LMW YH,NP,3,3,13,4,Diagnostics,2.585,1.0,0.0,0,3,0,0,0,0,,2.585,,,,
about PSA,PP,3,3,9,2,Diagnostics,2.585,1.0,0.0,0,3,0,0,0,0,,2.585,,,,
our secretary,NP,2,1,13,2,Scheduling_appt,2.585,1.0,0.0,0,0,0,0,1,0,,,,,2.585,
to schedule,PP,1,1,11,2,Scheduling_appt,2.585,1.0,0.0,0,0,0,0,1,0,,,,,2.585,
schedule,NP,1,1,8,1,Scheduling_appt,2.585,1.0,0.0,0,0,0,0,1,0,,,,,2.585,
only,ADVP,4,2,4,1,Drugs,1.585,0.5,1.0,0,0,1,1,0,0,,,1.585,1.585,,
a few pills,NP,2,1,11,3,Drugs,2.585,1.0,0.0,0,0,1,0,0,0,,,2.585,,,
left,VP,4,2,4,1,Drugs,1.585,0.5,1.0,0,0,1,1,0,0,,,1.585,1.585,,
PSA test,NP,2,1,8,2,Diagnostics,2.585,1.0,0.0,0,1,0,0,0,0,,2.585,,,,
believe,VP,2,1,7,1,Scheduling_appt,2.585,1.0,0.0,0,0,0,0,1,0,,,,,2.585,
should be,VP,2,1,9,2,Scheduling_appt,2.585,1.0,0.0,0,0,0,0,1,0,,,,,2.585,
recommended,VP,2,1,11,1,Care_Coordination,2.585,1.0,0.0,1,0,0,0,0,0,2.585,,,,,
a PET,NP,2,1,5,2,Care_Coordination,2.585,1.0,0.0,1,0,0,0,0,0,2.585,,,,,
in 3 months,PP,2,1,11,3,Care_Coordination,2.585,1.0,0.0,1,0,0,0,0,0,2.585,,,,,
3 months,NP,2,1,8,2,Care_Coordination,2.585,1.0,0.0,1,0,0,0,0,0,2.585,,,,,
follow,VP,1,1,6,1,Care_Coordination,2.585,1.0,0.0,1,0,0,0,0,0,2.585,,,,,
last,ADVP,1,1,4,1,Care_Coordination,2.585,1.0,0.0,1,0,0,0,0,0,2.585,,,,,
after,ADVP,1,1,5,1,Care_Coordination,2.585,1.0,0.0,1,0,0,0,0,0,2.585,,,,,
SEnding,VP,2,1,7,1,Care_Coordination,2.585,1.0,0.0,1,0,0,0,0,0,2.585,,,,,
message,NP,2,1,7,1,Care_Coordination,2.585,1.0,0.0,1,0,0,0,0,0,2.585,,,,,
at the limit,PP,2,1,12,3,General_information,2.585,1.0,0.0,0,0,0,1,0,0,,,,2.585,,
the limit,NP,2,1,9,2,General_information,2.585,1.0,0.0,0,0,0,1,0,0,,,,2.585,,
stuck,VP,2,1,5,1,General_information,2.585,1.0,0.0,0,0,0,1,0,0,,,,2.585,,
just the CBC,NP,1,1,12,3,Diagnostics,2.585,1.0,0.0,0,1,0,0,0,0,,2.585,,,,
did,VP,2,1,3,1,Diagnostics,2.585,1.0,0.0,0,1,0,0,0,0,,2.585,,,,
without differential,PP,2,1,20,2,Diagnostics,2.585,1.0,0.0,0,1,0,0,0,0,,2.585,,,,
differential,NP,2,1,12,1,Diagnostics,2.585,1.0,0.0,0,1,0,0,0,0,,2.585,,,,
my glucose,NP,2,1,10,2,Symptoms,2.585,1.0,0.0,0,0,0,0,0,1,,,,,,2.585
remains,VP,2,1,7,1,Symptoms,2.585,1.0,0.0,0,0,0,0,0,1,,,,,,2.585
guess,VP,1,1,5,1,Symptoms,2.585,1.0,0.0,0,0,0,0,0,1,,,,,,2.585
sleep,VP,2,1,5,1,General_information,2.585,1.0,0.0,0,0,0,1,0,0,,,,2.585,,
raised up,VP,2,1,9,2,General_information,2.585,1.0,0.0,0,0,0,1,0,0,,,,2.585,,
to confirm,VP,2,1,10,2,General_information,2.585,1.0,0.0,0,0,0,1,0,0,,,,2.585,,
hasn,NP,1,1,4,1,General_information,2.585,1.0,0.0,0,0,0,1,0,0,,,,2.585,,
have emailed,VP,2,1,12,2,General_information,2.585,1.0,0.0,0,0,0,1,0,0,,,,2.585,,
messages,NP,1,1,8,1,General_information,2.585,1.0,0.0,0,0,0,1,0,0,,,,2.585,,
The test,NP,2,1,8,2,Diagnostics,2.585,1.0,0.0,0,1,0,0,0,0,,2.585,,,,
a Dexa Bone Density Test,NP,2,1,24,5,Diagnostics,2.585,1.0,0.0,0,1,0,0,0,0,,2.585,,,,
my new time,NP,2,1,11,3,Scheduling_appt,2.585,1.0,0.0,0,0,0,0,1,0,,,,,2.585,
of arrival,PP,2,1,10,2,Scheduling_appt,2.585,1.0,0.0,0,0,0,0,1,0,,,,,2.585,
arrival,NP,2,1,7,1,Scheduling_appt,2.585,1.0,0.0,0,0,0,0,1,0,,,,,2.585,
on MM/DD/YYYY 9:20 AM,PP,1,1,21,4,Scheduling_appt,2.585,1.0,0.0,0,0,0,0,1,0,,,,,2.585,
MM/DD/YYYY 9:20 AM,NP,1,1,18,3,Scheduling_appt,2.585,1.0,0.0,0,0,0,0,1,0,,,,,2.585,
Started,VP,2,1,7,1,General_information,2.585,1.0,0.0,0,0,0,1,0,0,,,,2.585,,
Started week,NP,2,1,12,2,General_information,2.585,1.0,0.0,0,0,0,1,0,0,,,,2.585,,
three MM/DD/YYYY,NP,1,1,16,2,General_information,2.585,1.0,0.0,0,0,0,1,0,0,,,,2.585,,
evolution,NP,2,1,9,1,Symptoms,2.585,1.0,0.0,0,0,0,0,0,1,,,,,,2.585
in the 2 newly spot nodal issues,PP,2,1,32,7,Symptoms,2.585,1.0,0.0,0,0,0,0,0,1,,,,,,2.585
the 2 newly spot nodal issues,NP,2,1,29,6,Symptoms,2.585,1.0,0.0,0,0,0,0,0,1,,,,,,2.585
newly,ADVP,2,1,5,1,Symptoms,2.585,1.0,0.0,0,0,0,0,0,1,,,,,,2.585
to assess,VP,1,1,9,2,Symptoms,2.585,1.0,0.0,0,0,0,0,0,1,,,,,,2.585
'll pass,VP,2,1,8,2,Care_Coordination,2.585,1.0,0.0,1,0,0,0,0,0,2.585,,,,,
to the surgery team,PP,2,1,19,4,Care_Coordination,2.585,1.0,0.0,1,0,0,0,0,0,2.585,,,,,
the surgery team,NP,2,1,16,3,Care_Coordination,2.585,1.0,0.0,1,0,0,0,0,0,2.585,,,,,
current Rx,NP,4,2,10,2,Drugs,2.585,1.0,0.0,0,0,2,0,0,0,,,2.585,,,
will run out,VP,4,2,12,3,Drugs,2.585,1.0,0.0,0,0,2,0,0,0,,,2.585,,,
by tmrrw,PP,2,1,8,2,Drugs,2.585,1.0,0.0,0,0,1,0,0,0,,,2.585,,,
tmrrw,NP,2,1,5,1,Drugs,2.585,1.0,0.0,0,0,1,0,0,0,,,2.585,,,
on my daily regimen,PP,2,1,19,4,Drugs,2.585,1.0,0.0,0,0,1,0,0,0,,,2.585,,,
my daily regimen,NP,2,1,16,3,Drugs,2.585,1.0,0.0,0,0,1,0,0,0,,,2.585,,,
of abiraterone,PP,2,1,14,2,Drugs,2.585,1.0,0.0,0,0,1,0,0,0,,,2.585,,,
abiraterone,NP,2,1,11,1,Drugs,2.585,1.0,0.0,0,0,1,0,0,0,,,2.585,,,
acetate,NP,2,1,7,1,Drugs,2.585,1.0,0.0,0,0,1,0,0,0,,,2.585,,,
prednisone,NP,2,1,10,1,Drugs,2.585,1.0,0.0,0,0,1,0,0,0,,,2.585,,,
in touch,PP,2,1,8,2,General_information,2.585,1.0,0.0,0,0,0,1,0,0,,,,2.585,,
touch,NP,2,1,5,1,General_information,2.585,1.0,0.0,0,0,0,1,0,0,,,,2.585,,
with Dr. Person1,PP,4,2,16,3,Care_Coordination,1.585,0.5,1.0,1,0,0,1,0,0,1.585,,,1.585,,
finished,VP,1,1,8,1,Drugs,2.585,1.0,0.0,0,0,1,0,0,0,,,2.585,,,
chemo,NP,1,1,5,1,Drugs,2.585,1.0,0.0,0,0,1,0,0,0,,,2.585,,,
happen,VP,1,1,6,1,Drugs,2.585,1.0,0.0,0,0,1,0,0,0,,,2.585,,,
finished chemo,VP,1,1,14,2,Drugs,2.585,1.0,0.0,0,0,1,0,0,0,,,2.585,,,
to begin,VP,2,1,8,2,Scheduling_appt,2.585,1.0,0.0,0,0,0,0,1,0,,,,,2.585,
radiation therapy,NP,4,2,17,2,Drugs,1.585,0.5,1.0,0,0,1,0,1,0,,,1.585,,1.585,
for five sessions,PP,2,1,17,3,Scheduling_appt,2.585,1.0,0.0,0,0,0,0,1,0,,,,,2.585,
five sessions,NP,2,1,13,2,Scheduling_appt,2.585,1.0,0.0,0,0,0,0,1,0,,,,,2.585,
a CT scan IV Contrast,NP,2,1,21,5,Scheduling_appt,2.585,1.0,0.0,0,0,0,0,1,0,,,,,2.585,
for First week,PP,2,1,14,3,Scheduling_appt,2.585,1.0,0.0,0,0,0,0,1,0,,,,,2.585,
First week,NP,2,1,10,2,Scheduling_appt,2.585,1.0,0.0,0,0,0,0,1,0,,,,,2.585,
appointment,NP,2,1,11,1,Scheduling_appt,2.585,1.0,0.0,0,0,0,0,1,0,,,,,2.585,
will reschedule,VP,3,2,15,2,Scheduling_appt,2.585,1.0,0.0,0,0,0,0,2,0,,,,,2.585,
probably,ADVP,2,1,8,1,Symptoms,2.585,1.0,0.0,0,0,0,0,0,1,,,,,,2.585
20+ hematoma,NP,2,1,12,2,Symptoms,2.585,1.0,0.0,0,0,0,0,0,1,,,,,,2.585
under the skin,PP,2,1,14,3,Symptoms,2.585,1.0,0.0,0,0,0,0,0,1,,,,,,2.585
the skin,NP,2,1,8,2,Symptoms,2.585,1.0,0.0,0,0,0,0,0,1,,,,,,2.585
In addition,PP,1,1,11,2,Symptoms,2.585,1.0,0.0,0,0,0,0,0,1,,,,,,2.585
addition,NP,1,1,8,1,Symptoms,2.585,1.0,0.0,0,0,0,0,0,1,,,,,,2.585
to the bruising,PP,1,1,15,3,Symptoms,2.585,1.0,0.0,0,0,0,0,0,1,,,,,,2.585
the bruising,NP,1,1,12,2,Symptoms,2.585,1.0,0.0,0,0,0,0,0,1,,,,,,2.585
Sun,NP,1,1,3,1,Drugs,2.585,1.0,0.0,0,0,1,0,0,0,,,2.585,,,
mg,NP,1,1,2,1,Drugs,2.585,1.0,0.0,0,0,1,0,0,0,,,2.585,,,
to know,VP,2,1,7,2,General_information,2.585,1.0,0.0,0,0,0,1,0,0,,,,2.585,,
fill,VP,1,1,4,1,General_information,2.585,1.0,0.0,0,0,0,1,0,0,,,,2.585,,
the phisiical form,NP,1,1,18,3,General_information,2.585,1.0,0.0,0,0,0,1,0,0,,,,2.585,,
drop,VP,1,1,4,1,General_information,2.585,1.0,0.0,0,0,0,1,0,0,,,,2.585,,
Unfortunately,ADVP,2,1,13,1,General_information,2.585,1.0,0.0,0,0,0,1,0,0,,,,2.585,,
took a nasty slip down,VP,1,1,22,5,General_information,2.585,1.0,0.0,0,0,0,1,0,0,,,,2.585,,
a nasty slip,NP,2,1,12,3,General_information,2.585,1.0,0.0,0,0,0,1,0,0,,,,2.585,,
five steps MM/DD/YYYY,NP,1,1,21,3,General_information,2.585,1.0,0.0,0,0,0,1,0,0,,,,2.585,,
took,VP,1,1,4,1,General_information,2.585,1.0,0.0,0,0,0,1,0,0,,,,2.585,,
five steps,NP,1,1,10,2,General_information,2.585,1.0,0.0,0,0,0,1,0,0,,,,2.585,,
in contact,PP,2,1,10,2,Care_Coordination,2.585,1.0,0.0,1,0,0,0,0,0,2.585,,,,,
contact,NP,2,1,7,1,Care_Coordination,2.585,1.0,0.0,1,0,0,0,0,0,2.585,,,,,
at work,PP,2,1,7,2,General_information,2.585,1.0,0.0,0,0,0,1,0,0,,,,2.585,,
daily,ADVP,2,1,5,1,General_information,2.585,1.0,0.0,0,0,0,1,0,0,,,,2.585,,
checked,VP,2,2,7,1,Care_Coordination,1.585,0.5,1.0,1,0,0,1,0,0,1.585,,,1.585,,
a good indicator,NP,2,1,16,3,Diagnostics,2.585,1.0,0.0,0,1,0,0,0,0,,2.585,,,,
in the past,PP,2,1,11,3,Diagnostics,2.585,1.0,0.0,0,1,0,0,0,0,,2.585,,,,
the past,NP,2,1,8,2,Diagnostics,2.585,1.0,0.0,0,1,0,0,0,0,,2.585,,,,
The swelling,NP,2,1,12,2,Symptoms,2.585,1.0,0.0,0,0,0,0,0,1,,,,,,2.585
in both lower legs/ankles,PP,2,1,25,4,Symptoms,2.585,1.0,0.0,0,0,0,0,0,1,,,,,,2.585
both lower legs/ankles,NP,2,1,22,3,Symptoms,2.585,1.0,0.0,0,0,0,0,0,1,,,,,,2.585
think,VP,1,1,5,1,Symptoms,2.585,1.0,0.0,0,0,0,0,0,1,,,,,,2.585
am consulting,VP,2,1,13,2,Care_Coordination,2.585,1.0,0.0,1,0,0,0,0,0,2.585,,,,,
her thoughts,NP,1,1,12,2,Care_Coordination,2.585,1.0,0.0,1,0,0,0,0,0,2.585,,,,,
have just received,VP,2,1,18,3,Drugs,2.585,1.0,0.0,0,0,1,0,0,0,,,2.585,,,
a new medication,NP,2,1,16,3,Drugs,2.585,1.0,0.0,0,0,1,0,0,0,,,2.585,,,
appear,VP,2,1,6,1,Drugs,2.585,1.0,0.0,0,0,1,0,0,0,,,2.585,,,
to have prescribed,VP,1,1,18,3,Drugs,2.585,1.0,0.0,0,0,1,0,0,0,,,2.585,,,
haven seen,VP,2,1,10,2,Diagnostics,2.585,1.0,0.0,0,1,0,0,0,0,,2.585,,,,
Trying,VP,2,2,6,1,Drugs,2.585,1.0,0.0,0,0,2,0,0,0,,,2.585,,,
to keep,VP,3,2,7,2,Drugs,2.585,1.0,0.0,0,0,2,0,0,0,,,2.585,,,
Oxy,NP,3,2,3,1,Drugs,2.585,1.0,0.0,0,0,2,0,0,0,,,2.585,,,
after a couple,PP,2,1,14,3,Symptoms,2.585,1.0,0.0,0,0,0,0,0,1,,,,,,2.585
a couple,NP,2,1,8,2,Symptoms,2.585,1.0,0.0,0,0,0,0,0,1,,,,,,2.585
of hours,PP,2,1,8,2,Symptoms,2.585,1.0,0.0,0,0,0,0,0,1,,,,,,2.585
hours,NP,2,1,5,1,Symptoms,2.585,1.0,0.0,0,0,0,0,0,1,,,,,,2.585
do make,VP,1,1,7,2,Symptoms,2.585,1.0,0.0,0,0,0,0,0,1,,,,,,2.585
did not realize,VP,2,1,15,3,General_information,2.585,1.0,0.0,0,0,0,1,0,0,,,,2.585,,
a promotion,NP,1,1,11,2,General_information,2.585,1.0,0.0,0,0,0,1,0,0,,,,2.585,,
can help,VP,2,1,8,2,General_information,2.585,1.0,0.0,0,0,0,1,0,0,,,,2.585,,
with the nail discomfort,PP,2,1,24,4,General_information,2.585,1.0,0.0,0,0,0,1,0,0,,,,2.585,,
the nail discomfort,NP,2,1,19,3,General_information,2.585,1.0,0.0,0,0,0,1,0,0,,,,2.585,,
helping keep,VP,2,1,12,2,General_information,2.585,1.0,0.0,0,0,0,1,0,0,,,,2.585,,
to Dr  Person2,PP,2,1,14,3,Care_Coordination,2.585,1.0,0.0,1,0,0,0,0,0,2.585,,,,,
according,VP,2,1,9,1,General_information,2.585,1.0,0.0,0,0,0,1,0,0,,,,2.585,,
to my primary,PP,2,1,13,3,General_information,2.585,1.0,0.0,0,0,0,1,0,0,,,,2.585,,
my primary,NP,2,1,10,2,General_information,2.585,1.0,0.0,0,0,0,1,0,0,,,,2.585,,
The white count,NP,2,1,15,3,Diagnostics,2.585,1.0,0.0,0,1,0,0,0,0,,2.585,,,,
the platelets,NP,2,1,13,2,Diagnostics,2.585,1.0,0.0,0,1,0,0,0,0,,2.585,,,,
with the date,PP,2,1,13,3,Scheduling_appt,2.585,1.0,0.0,0,0,0,0,1,0,,,,,2.585,
the date,NP,2,1,8,2,Scheduling_appt,2.585,1.0,0.0,0,0,0,0,1,0,,,,,2.585,
an come,NP,2,1,7,2,Scheduling_appt,2.585,1.0,0.0,0,0,0,0,1,0,,,,,2.585,
at 10:00am,PP,2,1,10,2,Scheduling_appt,2.585,1.0,0.0,0,0,0,0,1,0,,,,,2.585,
10:00am,NP,2,1,7,1,Scheduling_appt,2.585,1.0,0.0,0,0,0,0,1,0,,,,,2.585,
c,VP,1,1,1,1,Scheduling_appt,2.585,1.0,0.0,0,0,0,0,1,0,,,,,2.585,
your injection,NP,1,1,14,2,Scheduling_appt,2.585,1.0,0.0,0,0,0,0,1,0,,,,,2.585,
of info,PP,1,1,7,2,Care_Coordination,2.585,1.0,0.0,1,0,0,0,0,0,2.585,,,,,
info,NP,1,1,4,1,Care_Coordination,2.585,1.0,0.0,1,0,0,0,0,0,2.585,,,,,
for Dr. Person3,PP,1,1,15,3,Care_Coordination,2.585,1.0,0.0,1,0,0,0,0,0,2.585,,,,,
Dr. Person4,NP,2,1,11,2,Care_Coordination,2.585,1.0,0.0,1,0,0,0,0,0,2.585,,,,,
was speaking,VP,2,1,12,2,Care_Coordination,2.585,1.0,0.0,1,0,0,0,0,0,2.585,,,,,
with Dr. Person5,PP,2,1,16,3,Care_Coordination,2.585,1.0,0.0,1,0,0,0,0,0,2.585,,,,,
Dr. Person5,NP,2,1,11,2,Care_Coordination,2.585,1.0,0.0,1,0,0,0,0,0,2.585,,,,,
MSKCC,NP,1,1,5,1,Care_Coordination,2.585,1.0,0.0,1,0,0,0,0,0,2.585,,,,,
is interfering,VP,2,1,14,2,Symptoms,2.585,1.0,0.0,0,0,0,0,0,1,,,,,,2.585
with my daily activities,PP,2,1,24,4,Symptoms,2.585,1.0,0.0,0,0,0,0,0,1,,,,,,2.585
my daily activities,NP,2,1,19,3,Symptoms,2.585,1.0,0.0,0,0,0,0,0,1,,,,,,2.585
with Dr.Person1,PP,2,1,15,2,Care_Coordination,2.585,1.0,0.0,1,0,0,0,0,0,2.585,,,,,
Dr.Person1,NP,2,1,10,1,Care_Coordination,2.585,1.0,0.0,1,0,0,0,0,0,2.585,,,,,
can show,VP,2,1,8,2,Care_Coordination,2.585,1.0,0.0,1,0,0,0,0,0,2.585,,,,,
at that time,PP,1,1,12,3,Care_Coordination,2.585,1.0,0.0,1,0,0,0,0,0,2.585,,,,,
that time,NP,1,1,9,2,Care_Coordination,2.585,1.0,0.0,1,0,0,0,0,0,2.585,,,,,
a time frame,NP,2,1,12,3,Scheduling_appt,2.585,1.0,0.0,0,0,0,0,1,0,,,,,2.585,
Let,VP,1,1,3,1,Scheduling_appt,2.585,1.0,0.0,0,0,0,0,1,0,,,,,2.585,
will just repeat,VP,2,1,16,3,Diagnostics,2.585,1.0,0.0,0,1,0,0,0,0,,2.585,,,,
scans,NP,1,1,5,1,Diagnostics,2.585,1.0,0.0,0,1,0,0,0,0,,2.585,,,,
The CBC,NP,2,1,7,2,Diagnostics,2.585,1.0,0.0,0,1,0,0,0,0,,2.585,,,,
with a manual diff,PP,2,1,18,4,Diagnostics,2.585,1.0,0.0,0,1,0,0,0,0,,2.585,,,,
a manual diff,NP,2,1,13,3,Diagnostics,2.585,1.0,0.0,0,1,0,0,0,0,,2.585,,,,
a meeting,NP,2,1,9,2,Care_Coordination,2.585,1.0,0.0,1,0,0,0,0,0,2.585,,,,,
with my pulmonologist,PP,2,1,21,3,Care_Coordination,2.585,1.0,0.0,1,0,0,0,0,0,2.585,,,,,
my pulmonologist,NP,2,1,16,2,Care_Coordination,2.585,1.0,0.0,1,0,0,0,0,0,2.585,,,,,
in about five minutes,PP,2,1,21,4,Care_Coordination,2.585,1.0,0.0,1,0,0,0,0,0,2.585,,,,,
about five minutes,NP,2,1,18,3,Care_Coordination,2.585,1.0,0.0,1,0,0,0,0,0,2.585,,,,,
have had,VP,2,1,8,2,Symptoms,2.585,1.0,0.0,0,0,0,0,0,1,,,,,,2.585
on the left side,PP,2,1,16,4,Symptoms,2.585,1.0,0.0,0,0,0,0,0,1,,,,,,2.585
the left side,NP,2,1,13,3,Symptoms,2.585,1.0,0.0,0,0,0,0,0,1,,,,,,2.585
of my breast,PP,2,1,12,3,Symptoms,2.585,1.0,0.0,0,0,0,0,0,1,,,,,,2.585
my breast,NP,2,1,9,2,Symptoms,2.585,1.0,0.0,0,0,0,0,0,1,,,,,,2.585
above,ADVP,1,1,5,1,Symptoms,2.585,1.0,0.0,0,0,0,0,0,1,,,,,,2.585
in the chest area,PP,2,1,17,4,Symptoms,2.585,1.0,0.0,0,0,0,0,0,1,,,,,,2.585
the chest area,NP,2,1,14,3,Symptoms,2.585,1.0,0.0,0,0,0,0,0,1,,,,,,2.585
whatever,NP,1,1,8,1,Symptoms,2.585,1.0,0.0,0,0,0,0,0,1,,,,,,2.585
the correct wording,NP,2,1,19,3,Symptoms,2.585,1.0,0.0,0,0,0,0,0,1,,,,,,2.585
the 10 day quarantine,NP,1,1,21,4,Symptoms,2.585,1.0,0.0,0,0,0,0,0,1,,,,,,2.585
of symptom,PP,1,1,10,2,Symptoms,2.585,1.0,0.0,0,0,0,0,0,1,,,,,,2.585
symptom,NP,1,1,7,1,Symptoms,2.585,1.0,0.0,0,0,0,0,0,1,,,,,,2.585
on set,PP,1,1,6,2,Symptoms,2.585,1.0,0.0,0,0,0,0,0,1,,,,,,2.585
set,NP,1,1,3,1,Symptoms,2.585,1.0,0.0,0,0,0,0,0,1,,,,,,2.585
has passed,VP,1,1,10,2,Symptoms,2.585,1.0,0.0,0,0,0,0,0,1,,,,,,2.585
about the renal,PP,2,1,15,3,Symptoms,2.585,1.0,0.0,0,0,0,0,0,1,,,,,,2.585
the renal,NP,2,1,9,2,Symptoms,2.585,1.0,0.0,0,0,0,0,0,1,,,,,,2.585
cysts,VP,2,1,5,1,Symptoms,2.585,1.0,0.0,0,0,0,0,0,1,,,,,,2.585
possibly,ADVP,1,1,8,1,Symptoms,2.585,1.0,0.0,0,0,0,0,0,1,,,,,,2.585
Org1 orthopedics,NP,2,1,16,2,General_information,2.585,1.0,0.0,0,0,0,1,0,0,,,,2.585,,
in Location,PP,2,1,11,2,General_information,2.585,1.0,0.0,0,0,0,1,0,0,,,,2.585,,
Location,NP,2,1,8,1,General_information,2.585,1.0,0.0,0,0,0,1,0,0,,,,2.585,,
the physical therapist,NP,2,1,22,3,General_information,2.585,1.0,0.0,0,0,0,1,0,0,,,,2.585,,
would take over,VP,2,2,15,3,Drugs,2.585,1.0,0.0,0,0,2,0,0,0,,,2.585,,,
my other meds,NP,2,1,13,3,Drugs,2.585,1.0,0.0,0,0,1,0,0,0,,,2.585,,,
on I,PP,1,1,4,2,Drugs,2.585,1.0,0.0,0,0,1,0,0,0,,,2.585,,,
a reason,NP,1,1,8,2,Diagnostics,2.585,1.0,0.0,0,1,0,0,0,0,,2.585,,,,
am doing,VP,2,1,8,2,Symptoms,2.585,1.0,0.0,0,0,0,0,0,1,,,,,,2.585
Person2 messages,NP,2,1,16,2,Care_Coordination,2.585,1.0,0.0,1,0,0,0,0,0,2.585,,,,,
through Person2 messages,PP,1,1,24,3,Care_Coordination,2.585,1.0,0.0,1,0,0,0,0,0,2.585,,,,,
result,VP,2,1,6,1,Diagnostics,2.585,1.0,0.0,0,1,0,0,0,0,,2.585,,,,
recently,ADVP,2,1,8,1,Symptoms,2.585,1.0,0.0,0,0,0,0,0,1,,,,,,2.585
interrupted,VP,2,1,11,1,Symptoms,2.585,1.0,0.0,0,0,0,0,0,1,,,,,,2.585
anxiety attacks,NP,2,1,15,2,Symptoms,2.585,1.0,0.0,0,0,0,0,0,1,,,,,,2.585
Other symptoms,NP,1,1,14,2,Symptoms,2.585,1.0,0.0,0,0,0,0,0,1,,,,,,2.585
quite,ADVP,1,1,5,1,Symptoms,2.585,1.0,0.0,0,0,0,0,0,1,,,,,,2.585
napping,VP,1,1,7,1,Symptoms,2.585,1.0,0.0,0,0,0,0,0,1,,,,,,2.585
affects,VP,3,2,7,1,Symptoms,2.585,1.0,0.0,0,0,0,0,0,2,,,,,,2.585
both my reading,NP,3,2,15,3,Symptoms,2.585,1.0,0.0,0,0,0,0,0,2,,,,,,2.585
have tried,VP,2,1,10,2,Drugs,2.585,1.0,0.0,0,0,1,0,0,0,,,2.585,,,
ibuprofen,NP,2,1,9,1,Drugs,2.585,1.0,0.0,0,0,1,0,0,0,,,2.585,,,
tried,VP,2,1,5,1,Drugs,2.585,1.0,0.0,0,0,1,0,0,0,,,2.585,,,
Gabapentin,NP,1,1,10,1,Drugs,2.585,1.0,0.0,0,0,1,0,0,0,,,2.585,,,
Could you please make,VP,2,1,21,4,Care_Coordination,2.585,1.0,0.0,1,0,0,0,0,0,2.585,,,,,
coming in,VP,2,1,9,2,Scheduling_appt,2.585,1.0,0.0,0,0,0,0,1,0,,,,,2.585,
in case,PP,1,1,7,2,Scheduling_appt,2.585,1.0,0.0,0,0,0,0,1,0,,,,,2.585,
case,NP,1,1,4,1,Scheduling_appt,2.585,1.0,0.0,0,0,0,0,1,0,,,,,2.585,
forget,VP,1,1,6,1,Scheduling_appt,2.585,1.0,0.0,0,0,0,0,1,0,,,,,2.585,
another name,NP,2,1,12,2,Drugs,2.585,1.0,0.0,0,0,1,0,0,0,,,2.585,,,
for that,PP,2,1,8,2,Drugs,2.585,1.0,0.0,0,0,1,0,0,0,,,2.585,,,
the office,NP,2,1,10,2,Scheduling_appt,2.585,1.0,0.0,0,0,0,0,1,0,,,,,2.585,
can call,VP,1,1,8,2,Scheduling_appt,2.585,1.0,0.0,0,0,0,0,1,0,,,,,2.585,
can have,VP,2,1,8,2,Symptoms,2.585,1.0,0.0,0,0,0,0,0,1,,,,,,2.585
toast,NP,2,1,5,1,Symptoms,2.585,1.0,0.0,0,0,0,0,0,1,,,,,,2.585
will bother,VP,2,1,11,2,Symptoms,2.585,1.0,0.0,0,0,0,0,0,1,,,,,,2.585
heard,VP,2,1,5,1,General_information,2.585,1.0,0.0,0,0,0,1,0,0,,,,2.585,,
on the news,PP,2,1,11,3,General_information,2.585,1.0,0.0,0,0,0,1,0,0,,,,2.585,,
the news,NP,2,1,8,2,General_information,2.585,1.0,0.0,0,0,0,1,0,0,,,,2.585,,
about the spike,PP,2,1,15,3,General_information,2.585,1.0,0.0,0,0,0,1,0,0,,,,2.585,,
the spike,NP,2,1,9,2,General_information,2.585,1.0,0.0,0,0,0,1,0,0,,,,2.585,,
in COVID cases,PP,2,1,14,3,General_information,2.585,1.0,0.0,0,0,0,1,0,0,,,,2.585,,
COVID cases,NP,2,1,11,2,General_information,2.585,1.0,0.0,0,0,0,1,0,0,,,,2.585,,
as part,PP,2,1,7,2,Diagnostics,2.585,1.0,0.0,0,1,0,0,0,0,,2.585,,,,
part,NP,2,1,4,1,Diagnostics,2.585,1.0,0.0,0,1,0,0,0,0,,2.585,,,,
of my visit,PP,2,1,11,3,Diagnostics,2.585,1.0,0.0,0,1,0,0,0,0,,2.585,,,,
my visit,NP,2,1,8,2,Diagnostics,2.585,1.0,0.0,0,1,0,0,0,0,,2.585,,,,
would take,VP,1,1,10,2,Drugs,2.585,1.0,0.0,0,0,1,0,0,0,,,2.585,,,
our schedulers,NP,2,1,14,2,Scheduling_appt,2.585,1.0,0.0,0,0,0,0,1,0,,,,,2.585,
to  change,VP,2,1,10,2,Scheduling_appt,2.585,1.0,0.0,0,0,0,0,1,0,,,,,2.585,
will be finishing my week off,VP,2,1,29,6,Scheduling_appt,2.585,1.0,0.0,0,0,0,0,1,0,,,,,2.585,
on MM/DD/YYYY ( MM/DD/YYYY,PP,2,1,26,4,Scheduling_appt,2.585,1.0,0.0,0,0,0,0,1,0,,,,,2.585,
MM/DD/YYYY ( MM/DD/YYYY,NP,2,1,23,3,Scheduling_appt,2.585,1.0,0.0,0,0,0,0,1,0,,,,,2.585,
my labs,NP,2,1,7,2,Scheduling_appt,2.585,1.0,0.0,0,0,0,0,1,0,,,,,2.585,
have sent,VP,2,1,9,2,Care_Coordination,2.585,1.0,0.0,1,0,0,0,0,0,2.585,,,,,
a message,NP,2,1,9,2,Care_Coordination,2.585,1.0,0.0,1,0,0,0,0,0,2.585,,,,,
us,NP,1,1,2,1,Care_Coordination,2.585,1.0,0.0,1,0,0,0,0,0,2.585,,,,,
it MM/DD/YYYY,NP,1,1,13,2,General_information,2.585,1.0,0.0,0,0,0,1,0,0,,,,2.585,,
may not be,VP,2,1,10,3,General_information,2.585,1.0,0.0,0,0,0,1,0,0,,,,2.585,,
hope,VP,1,1,4,1,General_information,2.585,1.0,0.0,0,0,0,1,0,0,,,,2.585,,
signs,VP,1,1,5,1,General_information,2.585,1.0,0.0,0,0,0,1,0,0,,,,2.585,,
until MM/DD/YYYY,PP,1,1,16,2,General_information,2.585,1.0,0.0,0,0,0,1,0,0,,,,2.585,,
My nails,NP,2,1,8,2,Symptoms,2.585,1.0,0.0,0,0,0,0,0,1,,,,,,2.585
The CT chest,NP,2,1,12,3,Diagnostics,2.585,1.0,0.0,0,1,0,0,0,0,,2.585,,,,
has been resulted,VP,2,1,17,3,Diagnostics,2.585,1.0,0.0,0,1,0,0,0,0,,2.585,,,,
should see,VP,2,1,10,2,Diagnostics,2.585,1.0,0.0,0,1,0,0,0,0,,2.585,,,,
on My Chart,PP,1,1,11,3,Diagnostics,2.585,1.0,0.0,0,1,0,0,0,0,,2.585,,,,
the physician,NP,1,1,13,2,Diagnostics,2.585,1.0,0.0,0,1,0,0,0,0,,2.585,,,,
has released,VP,1,1,12,2,Diagnostics,2.585,1.0,0.0,0,1,0,0,0,0,,2.585,,,,
ou,NP,1,1,2,1,Diagnostics,2.585,1.0,0.0,0,1,0,0,0,0,,2.585,,,,
to view,VP,1,1,7,2,Diagnostics,2.585,1.0,0.0,0,1,0,0,0,0,,2.585,,,,
Were,VP,2,1,4,1,Diagnostics,2.585,1.0,0.0,0,1,0,0,0,0,,2.585,,,,
any other labs,NP,2,1,14,3,Diagnostics,2.585,1.0,0.0,0,1,0,0,0,0,,2.585,,,,
are you referring,VP,1,1,17,3,Diagnostics,2.585,1.0,0.0,0,1,0,0,0,0,,2.585,,,,
to a Bone Density Test,PP,1,1,22,5,Diagnostics,2.585,1.0,0.0,0,1,0,0,0,0,,2.585,,,,
a Bone Density Test,NP,1,1,19,4,Diagnostics,2.585,1.0,0.0,0,1,0,0,0,0,,2.585,,,,
the ok,NP,2,1,6,2,Care_Coordination,2.585,1.0,0.0,1,0,0,0,0,0,2.585,,,,,
to remove,VP,2,1,9,2,Care_Coordination,2.585,1.0,0.0,1,0,0,0,0,0,2.585,,,,,
only one page,NP,2,1,13,3,General_information,2.585,1.0,0.0,0,0,0,1,0,0,,,,2.585,,
The consensus,NP,2,1,13,2,Symptoms,2.585,1.0,0.0,0,0,0,0,0,1,,,,,,2.585
asthma attacks,NP,1,1,14,2,Symptoms,2.585,1.0,0.0,0,0,0,0,0,1,,,,,,2.585
for my Oxycodone,PP,1,1,16,3,Drugs,2.585,1.0,0.0,0,0,1,0,0,0,,,2.585,,,
my Oxycodone,NP,2,1,12,2,Drugs,2.585,1.0,0.0,0,0,1,0,0,0,,,2.585,,,
to Org2,VP,2,1,7,2,Drugs,2.585,1.0,0.0,0,0,1,0,0,0,,,2.585,,,
could send,VP,1,1,10,2,Drugs,2.585,1.0,0.0,0,0,1,0,0,0,,,2.585,,,
in Org2,PP,1,1,7,2,Drugs,2.585,1.0,0.0,0,0,1,0,0,0,,,2.585,,,
my vital,NP,2,1,8,2,Diagnostics,2.585,1.0,0.0,0,1,0,0,0,0,,2.585,,,,
on the last blood,PP,2,1,17,4,Diagnostics,2.585,1.0,0.0,0,1,0,0,0,0,,2.585,,,,
the last blood,NP,2,1,14,3,Diagnostics,2.585,1.0,0.0,0,1,0,0,0,0,,2.585,,,,
definitely,ADVP,2,1,10,1,Scheduling_appt,2.585,1.0,0.0,0,0,0,0,1,0,,,,,2.585,
30 tablets,NP,1,1,10,2,Drugs,2.585,1.0,0.0,0,0,1,0,0,0,,,2.585,,,
how many a day,NP,1,1,14,4,Drugs,2.585,1.0,0.0,0,0,1,0,0,0,,,2.585,,,
muscle pain,NP,2,1,11,2,Symptoms,2.585,1.0,0.0,0,0,0,0,0,1,,,,,,2.585
in my shoulder blade area,PP,2,1,25,5,Symptoms,2.585,1.0,0.0,0,0,0,0,0,1,,,,,,2.585
my shoulder blade area,NP,2,1,22,4,Symptoms,2.585,1.0,0.0,0,0,0,0,0,1,,,,,,2.585
like muscle pain,PP,1,1,16,3,Symptoms,2.585,1.0,0.0,0,0,0,0,0,1,,,,,,2.585
to the MM/DD/YYYY,PP,2,1,17,3,Scheduling_appt,2.585,1.0,0.0,0,0,0,0,1,0,,,,,2.585,
the MM/DD/YYYY,NP,3,1,14,2,Scheduling_appt,2.585,1.0,0.0,0,0,0,0,1,0,,,,,2.585,
away,ADVP,1,1,4,1,Scheduling_appt,2.585,1.0,0.0,0,0,0,0,1,0,,,,,2.585,
on the MM/DD/YYYY,PP,1,1,17,3,Scheduling_appt,2.585,1.0,0.0,0,0,0,0,1,0,,,,,2.585,
Can i change,VP,1,1,12,3,Scheduling_appt,2.585,1.0,0.0,0,0,0,0,1,0,,,,,2.585,
my MM/DD/YYYY appointment,NP,1,1,25,3,Scheduling_appt,2.585,1.0,0.0,0,0,0,0,1,0,,,,,2.585,
about my thumbnail,PP,2,1,18,3,Symptoms,2.585,1.0,0.0,0,0,0,0,0,1,,,,,,2.585
my thumbnail,NP,2,1,12,2,Symptoms,2.585,1.0,0.0,0,0,0,0,0,1,,,,,,2.585
big toe,NP,2,1,7,2,Symptoms,2.585,1.0,0.0,0,0,0,0,0,1,,,,,,2.585
leaking,VP,1,1,7,1,Symptoms,2.585,1.0,0.0,0,0,0,0,0,1,,,,,,2.585
leaking puss,NP,1,1,12,2,Symptoms,2.585,1.0,0.0,0,0,0,0,0,1,,,,,,2.585
The PT referral,NP,2,1,15,3,Care_Coordination,2.585,1.0,0.0,1,0,0,0,0,0,2.585,,,,,
placed,VP,2,1,6,1,Care_Coordination,2.585,1.0,0.0,1,0,0,0,0,0,2.585,,,,,
Thanks Person2,NP,1,1,14,2,Care_Coordination,2.585,1.0,0.0,1,0,0,0,0,0,2.585,,,,,
